disasterNumber,county,state,type1,type2,event_name,event_title,SS_scale2,SS_scale,year,longitude,latitude,wind_34_down,wind_34_50,wind_50_64,wind_64_up,node1,node2,node3,node4,node5,node6,node7,node8,node9,SVI,population,homeownership_rate,hwm,wind_50_up,homeowner_rate,occupied_house,homeowner_occupied,type1,type2,assisstance_rate_type1,assisstance_rate_type2
4570,Acadia Parish,LA,207,83,1,HURRICANE DELTA,1,2,2020,-92.412,30.2906,6,1,2,0,46.38902221,27.82687901,67.58938192,142.6195948,203.2316297,259.9709597,313.8273497,367.9503697,423.176568,0.9134,57455,70.03849,0,2,70.03849,"22,029",15428.77896,207,83,0.013416486,0.005379557
4570,Allen Parish,LA,32,36,1,HURRICANE DELTA,1,2,2020,-92.828,30.653,6,2,1,0,53.19364428,33.45574009,55.35031767,132.9624669,195.525486,254.9754115,310.8653343,367.0022796,424.2224886,0.768,22697,73.80405,0,1,73.80405,"7,851",5794.355966,32,36,0.005522615,0.006212942
4570,Beauregard Parish,LA,66,41,1,HURRICANE DELTA,1,2,2020,-93.3432,30.6486,6,3,0,0,52.55922078,40.20279403,74.22650994,149.3107941,212.0691834,272.7456203,329.5791773,386.6886265,444.8651568,0.5942,36573,80.53512,0,0,80.53512,"13,797",11111.43051,66,41,0.005939829,0.003689894
4570,Calcasieu Parish,LA,541,551,1,HURRICANE DELTA,1,2,2020,-93.358,30.2293,7,0,2,0,29.09525704,25.04352875,92.34986904,169.5188338,232.2601769,292.113327,348.2098872,404.4548198,461.6671312,0.7623,216416,70.19434,0,2,70.19434,"83,865",58868.48324,541,551,0.009189977,0.009359847
4570,Cameron Parish,LA,34,63,1,HURRICANE DELTA,1,2,2020,-93.1937,29.8754,7,0,1,1,6.665367787,20.4016731,105.0874463,182.772367,244.9945437,303.5882872,358.6290693,413.7295597,469.731845,0.2362,5619,87.04185,0,2,87.04185,"2,121",1846.157639,34,63,0.018416629,0.03412493
4570,Iberia Parish,LA,208,73,1,HURRICANE DELTA,1,2,2020,-91.7301,29.8965,6,3,0,0,71.66869561,62.12919728,93.60134115,157.4413751,212.6409879,264.0890193,314.1063727,364.6912367,416.5896943,0.9733,69725,67.90411,0,0,67.90411,"27,016",18344.97436,208,73,0.011338255,0.003979291
4570,Jefferson Davis Parish,LA,87,60,1,HURRICANE DELTA,1,2,2020,-92.8141,30.2677,6,1,0,2,31.81308055,11.02631984,75.09368775,152.5702537,214.5482727,272.8939657,327.8673703,383.0123944,439.1746662,0.8084,32166,78.2544,0,2,78.2544,"12,197",9544.689168,87,60,0.009115017,0.006286218
4570,Lafayette Parish,LA,281,94,1,HURRICANE DELTA,1,2,2020,-92.0639,30.2068,6,3,0,0,59.22854468,43.93646808,72.07927246,142.0183171,200.4508183,255.0500295,307.4138,360.1842542,414.1622564,0.7766,242004,68.74447,0,0,68.74447,"97,428",66976.36223,281,94,0.00419551,0.00140348
4570,Rapides Parish,LA,50,66,1,HURRICANE DELTA,1,2,2020,-92.5332,31.1986,6,3,0,0,89.06301768,68.71895542,20.96649807,97.31576654,160.0640188,220.1414747,276.6322375,333.5047549,391.5879295,0.9198,129607,65.09051,0,0,65.09051,"51,268",33370.60267,50,66,0.001498325,0.001977789
4570,St. Landry Parish,LA,185,52,1,HURRICANE DELTA,1,2,2020,-92.0058,30.5989,6,3,0,0,74.42680659,55.24380375,49.19132894,118.4336501,177.5157791,233.1129948,286.3900947,340.1446081,395.174194,0.8727,82273,69.07246,0,0,69.07246,"32,499",22447.85878,185,52,0.008241321,0.002316479
4570,St. Martin Parish,LA,164,65,1,HURRICANE DELTA,1,2,2020,-91.6082,30.1291,6,3,0,0,80.17851549,67.20340747,82.29615743,142.9402637,197.4826725,248.7333892,298.8181692,349.6077343,401.8157276,0.7896,51604,80.25158,0,0,80.25158,"20,238",16241.31476,164,65,0.010097705,0.004002139
4570,Vermilion Parish,LA,197,66,1,HURRICANE DELTA,1,2,2020,-92.3237,29.8466,7,0,2,0,40.58728227,33.6586764,93.61025236,166.4471284,225.6015224,280.5445884,332.9309224,385.5518975,439.2356384,0.8546,57289,76.79689,0,2,76.79689,"22,195",17045.06974,197,66,0.011557594,0.003872087
4570,Evangeline Parish,LA,0,0,1,HURRICANE DELTA,1,2,2020,-92.4059,30.7289,6,3,0,0,66.46621075,45.67091278,41.71696125,118.2780971,179.903835,238.0322687,293.0314061,348.3545581,404.8403895,0.9994,32307,64.38888,0,0,64.38888,"12,728",8195.416646,0,0,0,0
4570,Avoyelles Parish,LA,0,0,1,HURRICANE DELTA,1,2,2020,-92.0014,31.0763,6,2,1,0,95.55239228,74.88617003,21.97616831,90.94330424,151.5115876,208.9071938,263.620042,318.8343214,375.362027,0.9373,39616,71.87049,0,1,71.87049,"15,181",10910.65909,0,0,0,0
4570,Vernon Parish,LA,0,0,1,HURRICANE DELTA,1,2,2020,-93.1843,31.1083,6,3,0,0,78.77694837,62.37903423,53.5418563,123.7372198,186.1192214,247.3448142,304.710229,362.5007864,421.4767313,0.7801,48582,55.29379,0,0,55.29379,"18,761",10373.66794,0,0,0,0
4394,Chesterfield County,SC,37,14,2,HURRICANE FLORENCE,0,0,2018,-80.1587,34.6398,1,8,0,0,119.926295,116.6864551,95.42019577,80.83860882,70.82900634,70.58808366,65.01254905,62.54713294,70.19007587,0.9487,45881,69.83172,3.58,0,69.83172,"17,538",12247.08705,37,14,0.003021127,0.001143129
4394,Darlington County,SC,15,7,2,HURRICANE FLORENCE,0,0,2018,-79.9577,34.3325,1,8,0,0,107.4997463,103.2471312,80.02291949,63.21767141,50.2012221,49.60030836,44.73478101,45.6654299,60.85393042,0.9268,66759,70.12158,5.33,0,70.12158,"25,649",17985.48405,15,7,0.000834006,0.000389203
4394,Dillon County,SC,106,54,2,HURRICANE FLORENCE,0,0,2018,-79.3789,34.3915,0,4,5,0,79.26055671,75.55738575,54.06928986,41.26520237,41.75873746,47.96671794,52.00882475,62.76430496,85.33228565,0.9682,30612,64.85093,7.725,5,64.85093,"11,195",7260.061614,106,54,0.014600427,0.007437953
4394,Florence County,SC,7,0,2,HURRICANE FLORENCE,0,0,2018,-79.703,34.0245,2,6,1,0,95.30855361,89.91303838,64.95127804,45.64521455,28.02451745,27.46187068,25.97705716,35.60424406,60.44857036,0.8987,138277,65.92379,5.25,1,65.92379,"54,627",36012.18876,7,0,0.000194379,0
4394,Georgetown County,SC,15,5,2,HURRICANE FLORENCE,0,0,2018,-79.3324,33.4343,1,6,2,0,89.3171489,82.01560126,57.71237673,38.64646178,16.05627567,13.0312407,25.46708573,44.61364241,74.23241295,0.6771,62232,75.49261,6.86,2,75.49261,"27,231",20557.39263,15,5,0.000729665,0.000243222
4394,Horry County,SC,367,570,2,HURRICANE FLORENCE,0,0,2018,-78.9966,33.9214,0,6,3,0,61.90698634,55.69461353,30.12252049,9.893277384,20.17102038,31.72444697,44.5626394,63.17557121,92.18429021,0.6102,344105,68.87653,5.2,3,68.87653,"150,221",103467.0121,367,570,0.003547024,0.005509002
4394,Marion County,SC,105,114,2,HURRICANE FLORENCE,0,0,2018,-79.3625,34.0801,0,6,3,0,78.08245374,72.82605122,48.19150861,30.05745199,23.06371246,29.66929603,36.19951225,50.81445564,77.36754866,0.9293,31056,69.78358,6.79,3,69.78358,"12,272",8563.840938,105,114,0.012260854,0.013311784
4394,Marlboro County,SC,55,46,2,HURRICANE FLORENCE,0,0,2018,-79.6786,34.602,0,9,0,0,96.27052944,93.29599583,73.09038771,60.72471738,57.40694406,60.89336522,60.54317741,65.59470394,82.12996047,0.9869,26392,64.56947,2.91,0,64.56947,"10,241",6612.559423,55,46,0.008317506,0.006956459
4393,Anson County,NC,3,1,2,HURRICANE FLORENCE,1,1,2018,-80.1027,34.9738,2,7,0,0,123.0973126,121.0746059,102.6957865,91.32164991,86.327918,87.85150252,83.95095348,82.7348898,89.56167768,0.9443,24470,66.63542,5.98,0,66.63542,"8,554",5699.993827,3,1,0.000526316,0.000175439
4393,Beaufort County,NC,46,25,2,HURRICANE FLORENCE,1,1,2018,-76.8598,35.494,5,2,2,0,90.57560224,98.28896836,117.7103124,135.5709975,161.9049251,173.3614589,184.8186238,200.787718,225.8815978,0.7156,47056,70.3009,4.62,2,70.3009,"19,430",13659.46487,46,25,0.003367628,0.001830233
4393,Bladen County,NC,133,92,2,HURRICANE FLORENCE,1,1,2018,-78.5637,34.6146,0,4,3,2,45.34593126,45.19088107,37.83380701,44.53778416,66.06983918,76.76568031,86.64828626,101.7591885,126.9327348,0.9446,33151,71.20935,11.42,5,71.20935,"12,410",8837.080335,133,92,0.01505022,0.010410678
4393,Brunswick County,NC,243,210,2,HURRICANE FLORENCE,1,1,2018,-78.2377,34.071,1,3,3,2,23.1206032,16.90488938,9.143525394,29.8567818,57.51893173,69.10462624,82.99757325,102.0015347,131.0491749,0.3583,136880,77.84835,10.38,5,77.84835,"61,496",47873.62132,243,210,0.005075864,0.004386549
4393,Carteret County,NC,327,196,2,HURRICANE FLORENCE,1,1,2018,-76.6589,34.8357,4,3,1,1,68.23288164,75.76573698,99.90163931,120.2216145,147.9149347,159.5789589,172.915777,191.0603119,218.8426996,0.4255,69438,72.96847,4.2,2,72.96847,"30,112",21972.26569,327,196,0.014882398,0.008920336
4393,Chatham County,NC,4,2,2,HURRICANE FLORENCE,1,1,2018,-79.2553,35.7026,3,6,0,0,115.3375213,117.2523084,110.7166351,110.6791753,120.4176798,126.9873001,129.2473246,134.7652565,147.6955934,0.3809,73127,75.85383,0,0,75.85383,"31,288",23733.14633,4,2,0.000168541,8.43E-05
4393,Columbus County,NC,216,176,2,HURRICANE FLORENCE,1,1,2018,-78.655,34.2656,0,3,3,3,42.68041394,38.8470236,20.39630532,23.13552566,46.79943925,58.11936022,69.73690718,86.83525336,114.2310202,0.9481,55819,72.02356,5.84,6,72.02356,"20,368",14669.7587,216,176,0.014724169,0.011997471
4393,Craven County,NC,434,503,2,HURRICANE FLORENCE,1,1,2018,-77.0939,35.1249,4,3,1,1,65.65883384,73.39952327,93.5676523,112.0972418,138.9583746,150.5362708,162.5965032,179.3381794,205.4893715,0.8099,102338,63.02079,6.95,2,63.02079,"40,932",25795.66976,434,503,0.016824529,0.019499397
4393,Cumberland County,NC,140,75,2,HURRICANE FLORENCE,1,1,2018,-78.8277,35.0487,1,6,2,0,72.03043815,73.22565542,66.51223785,69.07411981,84.40322758,93.27342116,99.57940082,110.5789312,131.049464,0.864,333430,53.13829,8.9,2,53.13829,"128,978",68536.70368,140,75,0.002042701,0.001094304
4393,Duplin County,NC,168,388,2,HURRICANE FLORENCE,1,1,2018,-77.933,34.9365,2,4,1,2,44.76564457,50.31739996,60.87511909,75.70968743,100.6638732,111.8792197,122.7177106,138.3505069,163.5336777,0.979,58991,68.8348,10,3,68.8348,"19,195",13212.83986,168,388,0.012714905,0.029365375
4393,Durham County,NC,10,5,2,HURRICANE FLORENCE,1,1,2018,-78.8766,36.036,5,4,0,0,122.4191536,125.921346,124.6339368,128.4729202,141.9855074,149.649822,153.3789478,160.3547446,174.5206359,0.6197,316979,55.98222,0,0,55.98222,"134,653",75381.7387,10,5,0.000132658,6.63E-05
4393,Greene County,NC,2,0,2,HURRICANE FLORENCE,1,1,2018,-77.6758,35.485,3,4,2,0,77.49757001,83.99941535,96.17987946,110.3090743,134.0777474,144.9203314,154.6156242,168.7141742,191.7624114,0.9924,21106,69.95161,1.96,2,69.95161,"6,984",4885.420442,2,0,0.000409381,0
4393,Guilford County,NC,6,2,2,HURRICANE FLORENCE,1,1,2018,-79.7889,36.0795,9,0,0,0,149.4222239,150.9807686,142.4882097,139.7900427,145.0735415,149.7487239,149.0699109,150.4422699,157.1933856,0.6369,532607,60.89053,0,0,60.89053,"216,022",131536.9407,6,2,4.56E-05,1.52E-05
4393,Harnett County,NC,51,21,2,HURRICANE FLORENCE,1,1,2018,-78.8693,35.3688,1,8,0,0,87.89313543,90.066793,85.50060793,88.37157036,102.5713332,110.8383831,115.9106033,125.1248457,143.0410044,0.7869,134336,62.83905,2.2,0,62.83905,"48,083",30214.90041,51,21,0.001687909,0.000695021
4393,Hoke County,NC,18,10,2,HURRICANE FLORENCE,1,1,2018,-79.2373,35.0175,0,9,0,0,86.44911131,86.17702039,73.90989035,70.5950913,79.26992225,86.2135111,89.68478187,97.71338138,115.2568875,0.8924,54695,69.03151,0,0,69.03151,"18,590",12832.95771,18,10,0.001402638,0.000779244
4393,Hyde County,NC,18,5,2,HURRICANE FLORENCE,1,1,2018,-76.2509,35.5305,6,3,0,0,110.6209747,118.4103011,140.4656073,159.6087559,186.7210923,198.3363233,210.556474,227.3368473,253.3242782,0.8627,5026,61.41832,0,0,61.41832,"1,804",1107.986493,18,5,0.016245685,0.00451269
4393,Johnston County,NC,13,0,2,HURRICANE FLORENCE,1,1,2018,-78.3657,35.5178,2,7,0,0,83.99783611,88.28398365,91.26669493,99.60286791,118.6614734,128.2468413,135.4097262,146.7651885,166.7831535,0.5395,202692,70.98368,8,0,70.98368,"79,053",56114.72855,13,0,0.000231668,0
4393,Jones County,NC,88,193,2,HURRICANE FLORENCE,1,1,2018,-77.3552,35.0217,3,3,2,1,54.08183608,61.62905013,80.3239762,98.36959093,125.015283,136.5576849,148.4678811,165.1035668,191.2138161,0.8761,9613,70.31968,6.55,3,70.31968,"3,873",2723.481206,88,193,0.032311587,0.070865185
4393,Lee County,NC,13,4,2,HURRICANE FLORENCE,1,1,2018,-79.1715,35.4752,1,8,0,0,102.2609736,103.8100472,96.53251603,96.46592763,106.9153036,113.905603,116.9551042,123.7083814,138.6104842,0.8481,61208,66.74834,0,0,66.74834,"24,575",16403.40456,13,4,0.000792518,0.000243852
4393,Lenoir County,NC,40,25,2,HURRICANE FLORENCE,1,1,2018,-77.6412,35.2388,3,3,2,1,62.94427258,69.65081133,83.40357428,98.83891504,123.7639376,134.9223918,145.4920159,160.6492597,185.0503066,0.9933,55990,58.75814,5.12,3,58.75814,"22,930",13473.2415,40,25,0.002968848,0.00185553
4393,Moore County,NC,17,28,2,HURRICANE FLORENCE,1,1,2018,-79.4814,35.3106,1,8,0,0,106.560797,106.7966408,95.22749641,91.26261057,97.24627107,102.8463465,104.0477288,108.8362151,121.8548947,0.3621,98805,76.30551,4.82,0,76.30551,"41,881",31957.51064,17,28,0.000531956,0.000876163
4393,New Hanover County,NC,266,241,2,HURRICANE FLORENCE,1,1,2018,-77.8847,34.2328,1,4,2,2,4.649715081,8.02020303,29.21863312,49.78230066,77.49813726,89.11624425,102.8491576,121.6131383,150.3346361,0.3771,232256,59.93818,5.67,4,59.93818,"98,109",58804.74902,266,241,0.004523444,0.004098308
4393,Onslow County,NC,363,260,2,HURRICANE FLORENCE,1,1,2018,-77.4321,34.7321,2,4,1,2,36.82261754,44.52736902,65.14881504,84.35695567,111.682374,123.3405418,136.0342498,153.5833336,180.8193748,0.7465,196915,54.54368,8.04,3,54.54368,"69,576",37949.3108,363,260,0.009565391,0.006851244
4393,Orange County,NC,6,3,2,HURRICANE FLORENCE,1,1,2018,-79.1207,36.0611,5,4,0,0,129.3652842,132.3139462,128.8924426,130.8831168,142.2257135,149.1415423,151.7113519,157.2539787,169.5821801,0.2959,147980,64.4917,0,0,64.4917,"57,059",36798.3191,6,3,0.000163051,8.15E-05
4393,Pamlico County,NC,87,68,2,HURRICANE FLORENCE,1,1,2018,-76.7407,35.1435,5,2,2,0,77.20572349,85.00118984,107.1118241,126.4625869,153.747664,165.3953744,177.9123594,195.1190433,221.7560542,0.7162,12633,75.72783,5.92,2,75.72783,"5,193",3932.546212,87,68,0.022123071,0.017291596
4393,Pender County,NC,301,501,2,HURRICANE FLORENCE,1,1,2018,-77.9051,34.5248,1,4,2,2,20.21177505,25.54046552,40.00201311,58.22779912,85.32026118,96.95746163,109.533195,127.0995236,154.5228802,0.5478,62017,80.59345,7.02,4,80.59345,"22,962",18505.86799,301,501,0.016265111,0.027072494
4393,Pitt County,NC,11,1,2,HURRICANE FLORENCE,1,1,2018,-77.3745,35.5933,4,3,2,0,86.35335423,93.44660146,108.344797,123.7805165,148.4039452,159.4458492,169.604747,184.1418733,207.5824477,0.8242,179575,54.27434,0,2,54.27434,"70,016",38000.72189,11,1,0.000289468,2.63E-05
4393,Richmond County,NC,17,5,2,HURRICANE FLORENCE,1,1,2018,-79.7479,35.006,1,8,0,0,107.8844547,106.4819205,90.09696103,81.42130071,81.60366971,85.42127013,84.56908189,87.46033088,99.37338424,0.9796,44888,66.35657,8.7,0,66.35657,"17,454",11581.87573,17,5,0.001467811,0.000431709
4393,Robeson County,NC,369,156,2,HURRICANE FLORENCE,1,1,2018,-79.1039,34.6402,0,4,5,0,69.8712748,67.99855823,51.99005056,46.9927967,57.36077241,65.57105372,71.49258548,82.98743811,105.0553873,0.9911,131884,65.87819,5.45,5,65.87819,"43,402",28592.45202,369,156,0.012905504,0.005455985
4393,Sampson County,NC,86,40,2,HURRICANE FLORENCE,1,1,2018,-78.3714,34.9916,1,4,2,2,55.35870878,58.46561756,59.63237754,68.98183197,90.30078608,100.7045938,109.6980135,123.4796338,146.7899123,0.9723,63345,69.17912,11.32,4,69.17912,"22,562",15608.19305,86,40,0.005509927,0.002562757
4393,Scotland County,NC,71,43,2,HURRICANE FLORENCE,1,1,2018,-79.4804,34.8409,0,9,0,0,91.7219948,90.10899444,73.66595982,65.87728969,69.17459299,74.60995318,76.27649699,82.7362407,99.34118156,0.9936,34751,61.87896,5.09,0,61.87896,"12,870",7963.822152,71,43,0.008915317,0.005399417
4393,Union County,NC,6,3,2,HURRICANE FLORENCE,1,1,2018,-80.5307,34.9884,8,1,0,0,143.2094555,140.7915543,121.1467167,107.9078418,98.64911825,97.91802861,91.01921361,85.07194317,84.53615785,0.1873,235830,80.08553,0,0,80.08553,"80,167",64202.16684,6,3,9.35E-05,4.67E-05
4393,Wayne County,NC,55,30,2,HURRICANE FLORENCE,1,1,2018,-78.004,35.364,2,4,3,0,70.70153655,76.16588956,84.30875608,96.42209677,118.859085,129.3927655,138.4464538,151.9476493,174.4763915,0.9503,123237,61.61243,9,3,61.61243,"45,997",28339.86943,55,30,0.001940729,0.001058579
4393,Wilson County,NC,3,4,2,HURRICANE FLORENCE,1,1,2018,-77.9187,35.7051,3,6,0,0,90.67626011,96.50389977,105.2253294,116.9179349,138.5339162,148.7668713,157.0716921,169.5365358,190.5677221,0.936,81392,57.87284,0,0,57.87284,"32,222",18647.7865,3,4,0.000160877,0.000214503
4332,Aransas County,TX,814,781,3,HURRICANE HARVEY,3,4,2017,-96.9934,28.1249,1,5,1,2,8.996608521,7.23253883,38.18767055,59.02137386,68.10152746,77.55035941,64.43281098,53.7305905,41.85476077,0.6727,25392,72.14661,4.5,3,72.14661,"10,236",7384.927,814,781,0.110224515,0.105755954
4332,Austin County,TX,25,38,3,HURRICANE HARVEY,3,4,2017,-96.2779,29.887,3,6,0,0,118.0735502,110.2430662,89.24410071,83.29142508,71.76585842,77.60416766,79.55121542,71.93275591,70.84753792,0.5422,29722,74.10893,7.59,0,74.10893,"11,618",8609.975487,25,38,0.002903609,0.004413485
4332,Bastrop County,TX,34,24,3,HURRICANE HARVEY,3,4,2017,-97.312,30.1036,7,2,0,0,128.3094511,114.9854222,84.38754519,67.07356646,54.51914155,50.59963634,61.13203141,66.6070849,82.82953516,0.7437,84585,77.41977,6.399,0,77.41977,"33,267",25755.23489,34,24,0.00132012,0.000931849
4332,Bee County,TX,47,10,3,HURRICANE HARVEY,3,4,2017,-97.7412,28.4174,3,5,1,0,51.14594839,36.36868536,28.83483328,37.2638522,50.36665757,53.5807066,42.96211197,45.17979275,54.74365545,0.9201,32592,67.08815,0,1,67.08815,"8,896",5968.161824,47,10,0.007875122,0.001675558
4332,Brazoria County,TX,1265,2685,3,HURRICANE HARVEY,3,4,2017,-95.4521,29.1897,3,6,0,0,104.6761561,105.3208945,101.5777966,108.1863566,102.2327134,112.867002,107.6664606,92.52932513,74.65084771,0.5186,361853,75.85325,11.85,0,75.85325,"127,464",96685.58658,1265,2685,0.013083646,0.027770427
4332,Caldwell County,TX,13,12,3,HURRICANE HARVEY,3,4,2017,-97.6199,29.8368,9,0,0,0,116.7459697,102.1302669,70.37403634,50.69918284,39.97590656,32.2894831,44.73917699,54.90448968,75.71322127,0.8793,42328,69.10649,5.37,0,69.10649,"15,010",10372.88415,13,12,0.001253268,0.001156862
4332,Calhoun County,TX,229,91,3,HURRICANE HARVEY,3,4,2017,-96.602,28.5067,0,6,2,1,34.30818043,32.15935666,38.63195243,55.85510344,59.18626359,70.94793557,59.24849055,43.27826558,20.49525528,0.8395,21712,70.10539,3.95,3,70.10539,"7,614",5337.824395,229,91,0.042901374,0.017048144
4332,Chambers County,TX,320,1106,3,HURRICANE HARVEY,3,4,2017,-94.6101,29.7384,9,0,0,0,159.547658,160.322726,154.3251618,157.7806176,149.5694178,158.6206578,156.1240057,142.7672188,127.9544655,0.2907,41269,82.10065,7.5,0,82.10065,"15,623",12826.58455,320,1106,0.024948185,0.086227163
4332,Colorado County,TX,21,60,3,HURRICANE HARVEY,3,4,2017,-96.5263,29.6208,2,7,0,0,99.4117966,90.59781816,68.66235702,63.23402088,52.28554551,59.4213902,59.86127671,51.38413093,51.39450265,0.6218,21291,82.12687,6.9,0,82.12687,"8,138",6683.484681,21,60,0.003142073,0.008977353
4332,DeWitt County,TX,31,20,3,HURRICANE HARVEY,3,4,2017,-97.3568,29.0821,1,6,2,0,69.38554259,54.73591276,23.16580889,9.000908576,7.442357198,18.29060179,7.599768135,9.606680268,33.84989591,0.7988,20180,74.07427,0,2,74.07427,"7,315",5418.532851,31,20,0.005721106,0.003691036
4332,Fayette County,TX,30,168,3,HURRICANE HARVEY,3,4,2017,-96.9198,29.8768,2,7,0,0,112.8390574,101.2540767,73.50479562,60.84019038,47.81754964,49.66997664,55.70400653,54.71705406,65.04155024,0.3095,25119,78.74621,5.85,0,78.74621,"10,162",8002.18986,30,168,0.003748974,0.020994253
4332,Fort Bend County,TX,864,3880,3,HURRICANE HARVEY,3,4,2017,-95.7709,29.5275,3,6,0,0,109.4261154,106.1428241,94.47381152,96.07152949,87.59969098,96.76181041,94.21542734,81.38549664,69.51107747,0.2725,767712,79.26165,12.08,0,79.26165,"263,128",208559.5944,864,3880,0.004142701,0.018603795
4332,Galveston County,TX,1519,4070,3,HURRICANE HARVEY,3,4,2017,-94.9635,29.3945,6,3,0,0,132.1239629,133.5152925,129.7039807,135.213778,128.2790461,138.2795959,134.2255323,119.7460036,102.8830677,0.5696,334633,69.30513,6.53,0,69.30513,"132,819",92050.38061,1519,4070,0.016501833,0.044214918
4332,Goliad County,TX,56,9,3,HURRICANE HARVEY,3,4,2017,-97.4265,28.6571,0,7,1,1,48.34225709,32.45295602,7.153423671,20.97566056,32.66921825,39.71400399,26.9070578,23.8182316,34.12814929,0.6568,7552,81.2095,0,2,81.2095,"2,815",2286.047425,56,9,0.02449643,0.003936926
4332,Gonzales County,TX,15,8,3,HURRICANE HARVEY,3,4,2017,-97.4925,29.4567,4,4,1,0,92.98101088,78.33048393,46.60399956,27.45987491,16.17659835,10.9759056,21.44860666,31.45467787,53.67842628,0.9634,20742,68.24809,6.32,1,68.24809,"7,275",4965.048548,15,8,0.003021118,0.001611263
4332,Grimes County,TX,24,27,3,HURRICANE HARVEY,3,4,2017,-95.9855,30.5435,6,3,0,0,160.2588332,152.5099792,130.3941145,121.8882151,109.3684753,112.5418326,117.3496693,112.3721042,113.1249619,0.8672,27955,77.15943,0,0,77.15943,"10,133",7818.565042,24,27,0.003069617,0.003453319
4332,Hardin County,TX,295,1181,3,HURRICANE HARVEY,3,4,2017,-94.3902,30.3324,9,0,0,0,192.4013055,191.3848098,181.1151639,181.1212899,171.1864651,178.5551304,178.47118,167.2107751,156.0917318,0.2178,57117,81.44545,14.25,0,81.44545,"21,616",17605.24847,295,1181,0.016756367,0.067082268
4332,Harris County,TX,9736,25019,3,HURRICANE HARVEY,3,4,2017,-95.3936,29.8578,6,3,0,0,136.9557422,134.0853737,121.8142077,121.7552399,112.1585586,120.1354924,119.2832551,107.7315174,97.35513987,0.702,4657972,58.25091,9.63,0,58.25091,"1,692,730",986030.6288,9736,25019,0.009873933,0.025373451
4332,Jackson County,TX,23,4,3,HURRICANE HARVEY,3,4,2017,-96.5776,28.9542,0,7,2,0,59.84351341,53.07220268,41.00341961,48.59090352,45.66850134,57.57817724,49.27525877,32.85023432,14.93408131,0.6492,14806,66.96072,13,2,66.96072,"5,558",3721.676818,23,4,0.00618001,0.001074784
4332,Jasper County,TX,150,155,3,HURRICANE HARVEY,3,4,2017,-94.0251,30.744,9,0,0,0,223.3672026,222.0030062,210.5452605,209.2936114,198.7579151,205.3275184,206.268917,195.9169952,186.0755873,0.7975,35549,73.68863,7.04,0,73.68863,"13,050",9616.366215,150,155,0.015598408,0.016118355
4332,Jefferson County,TX,1339,6394,3,HURRICANE HARVEY,3,4,2017,-94.1629,29.8841,9,0,0,0,183.2036869,184.6056739,179.2230002,182.615001,174.2314168,183.0782067,180.8740728,167.6522231,152.7956337,0.8555,256041,64.70536,7.86,0,64.70536,"95,658",61895.85327,1339,6394,0.021633113,0.103302558
4332,Karnes County,TX,16,5,3,HURRICANE HARVEY,3,4,2017,-97.8594,28.9057,1,7,1,0,74.40816239,58.38017092,31.96018261,19.73850698,29.93314563,27.34278468,22.21658646,35.14896532,56.14572884,0.873,15556,74.44279,0,1,74.44279,"4,594",3419.901773,16,5,0.004678497,0.00146203
4332,Kleberg County,TX,25,3,3,HURRICANE HARVEY,3,4,2017,-97.7273,27.4337,7,2,0,0,55.65799165,56.87742462,79.43358014,94.93350143,107.5943697,112.4048646,100.8992001,98.2223121,95.73376561,0.985,30752,56.59012,0,0,56.59012,"11,530",6524.840836,25,3,0.003831511,0.000459781
4332,Lavaca County,TX,8,3,3,HURRICANE HARVEY,3,4,2017,-96.9302,29.3843,2,5,2,0,83.24011535,71.76059098,45.50090914,37.79091437,27.01041518,35.46656115,34.43282449,27.09840553,35.78818136,0.6145,20028,75.29661,12,2,75.29661,"8,191",6167.545325,8,3,0.001297112,0.000486417
4332,Lee County,TX,12,8,3,HURRICANE HARVEY,3,4,2017,-96.9657,30.3107,6,3,0,0,138.9633645,127.0917767,98.40307626,83.59794193,70.51819281,69.18911339,77.95188123,79.74506071,91.23653939,0.6129,17109,78.67778,4.16,0,78.67778,"6,590",5184.865702,12,8,0.002314428,0.001542952
4332,Liberty County,TX,711,1131,3,HURRICANE HARVEY,3,4,2017,-94.8122,30.1516,9,0,0,0,169.6000214,167.886521,156.795233,156.6587322,146.7771793,154.2852817,154.0332978,142.7573376,132.0071243,0.9357,83597,76.27845,9,0,76.27845,"29,469",22478.49643,711,1131,0.031630229,0.050314753
4332,Matagorda County,TX,121,122,3,HURRICANE HARVEY,3,4,2017,-96.011,28.8212,2,7,0,0,68.1715219,68.58993798,68.3246867,79.09642538,76.49763185,88.32597014,80.09810837,63.49103083,41.58294017,0.8583,36805,66.42987,6.5,0,66.42987,"13,716",9111.520969,121,122,0.01327989,0.013389642
4332,Montgomery County,TX,686,1304,3,HURRICANE HARVEY,3,4,2017,-95.503,30.3002,6,3,0,0,156.5338169,151.5214563,134.520483,130.3689413,119.0740457,124.8346229,126.8132851,118.1996669,112.8520193,0.3992,571615,73.84146,8.62,0,73.84146,"219,796",162300.5754,686,1304,0.004226726,0.008034476
4332,Newton County,TX,104,149,3,HURRICANE HARVEY,3,4,2017,-93.7447,30.7864,9,0,0,0,235.3037525,234.5114454,223.9785582,223.2409794,212.8710849,219.6241955,220.325894,209.6706017,199.1636773,0.5091,13908,84.11442,7,0,84.11442,"4,979",4188.056972,104,149,0.024832518,0.035577357
4332,Nueces County,TX,551,243,3,HURRICANE HARVEY,3,4,2017,-97.6134,27.7254,6,2,1,0,41.35575345,39.46356954,60.90037495,76.86411524,89.36829221,94.66846536,82.85895259,79.68925781,77.64654078,0.8204,361235,60.10277,6.42,1,60.10277,"130,687",78546.50703,551,243,0.007014952,0.003093709
4332,Orange County,TX,946,4878,3,HURRICANE HARVEY,3,4,2017,-93.8939,30.1213,9,0,0,0,203.013182,204.1274806,197.7815335,200.2550869,191.3503883,199.7104167,198.224145,185.559532,171.6068448,0.5858,84971,77.0464,11.6,0,77.0464,"32,811",25279.6943,946,4878,0.037421339,0.192961194
4332,Polk County,TX,93,108,3,HURRICANE HARVEY,3,4,2017,-94.83,30.7927,9,0,0,0,199.8532366,195.9631621,180.1331583,176.0053498,164.5358668,169.7968466,172.3339378,163.9253086,157.841284,0.9398,48990,76.30247,5.3,0,76.30247,"18,969",14473.81553,93,108,0.006425396,0.00746175
4332,Refugio County,TX,251,134,3,HURRICANE HARVEY,3,4,2017,-97.1656,28.3253,0,6,2,1,24.09692939,8.295452389,23.61959881,44.23315288,54.01892476,62.90879275,49.80115848,40.60390743,34.45526824,0.8959,7180,73.60877,4.8,3,73.60877,"2,632",1937.382826,251,134,0.129556222,0.069165473
4332,Sabine County,TX,8,2,3,HURRICANE HARVEY,3,4,2017,-93.8518,31.3432,9,0,0,0,256.3932589,253.824606,239.7019792,236.1933329,224.7961742,230.0324692,232.5808963,223.8740859,216.5580331,0.6928,10417,88.40902,0,0,88.40902,"4,387",3878.503707,8,2,0.002062651,0.000515663
4332,San Jacinto County,TX,179,312,3,HURRICANE HARVEY,3,4,2017,-95.1669,30.5795,9,0,0,0,179.7369818,175.2601223,158.7124211,154.3816132,142.9162269,148.2670152,150.7097374,142.3674224,136.8187921,0.7138,28231,80.69185,7.4,0,80.69185,"10,546",8509.762501,179,312,0.021034665,0.036663773
4332,San Patricio County,TX,657,305,3,HURRICANE HARVEY,3,4,2017,-97.5188,28.0092,5,2,1,1,32.85116222,24.99703684,43.11440401,59.5757215,71.86562131,77.72174779,65.58701036,61.90278711,60.87066157,0.7781,67210,66.417,0,2,66.417,"24,796",16468.75932,657,305,0.039893716,0.018519914
4332,Tyler County,TX,60,82,3,HURRICANE HARVEY,3,4,2017,-94.3766,30.7712,9,0,0,0,212.6597826,210.2415846,196.9523935,194.5260394,183.5904116,189.6438462,191.232802,181.6432479,173.2916104,0.8348,21517,84.98558,5.95,0,84.98558,"7,362",6256.6384,60,82,0.009589814,0.013106079
4332,Victoria County,TX,526,211,3,HURRICANE HARVEY,3,4,2017,-96.9715,28.7963,0,6,2,1,48.02309281,36.48711468,18.25757967,30.39366448,33.11727887,44.81284346,33.26297918,17.16465231,9.038210269,0.7424,92045,65.16304,152.407,3,65.16304,"34,451",22449.31891,526,211,0.023430555,0.009398949
4332,Walker County,TX,69,43,3,HURRICANE HARVEY,3,4,2017,-95.5723,30.739,8,1,0,0,178.7552015,172.3158421,152.1933552,145.0135783,132.7435594,136.4720542,140.705393,134.6493386,133.0169045,0.6835,72816,56.21465,0,0,56.21465,"24,568",13810.81521,69,43,0.004996085,0.003113502
4332,Waller County,TX,98,150,3,HURRICANE HARVEY,3,4,2017,-95.9876,30.0108,5,4,0,0,130.0596657,123.5545635,104.5914102,99.77355144,88.46784005,94.4586414,96.19809854,87.84636697,84.3165629,0.8943,51717,69.01383,6.79,0,69.01383,"17,298",11938.01231,98,150,0.008209072,0.012564906
4332,Wharton County,TX,196,549,3,HURRICANE HARVEY,3,4,2017,-96.2221,29.2779,1,8,0,0,84.74613204,79.63108654,66.48474543,69.15297283,61.97030399,72.26192712,67.9191563,54.00063099,41.81144564,0.8325,41837,67.72536,8.55,0,67.72536,"15,446",10460.85911,196,549,0.018736511,0.052481349
4611,Ascension Parish,LA,775,482,4,HURRICANE IDA,3,4,2021,-90.9113,30.2036,5,3,1,0,76.04768763,65.98071447,24.40460647,24.5206452,77.94246367,121.8736096,174.4741905,229.52724,282.6998335,0.4297,128369,84.53587,0,1,84.53587,"45,866",38773.22213,775,482,0.019988022,0.01243126
4611,Assumption Parish,LA,364,241,4,HURRICANE IDA,3,4,2021,-91.0608,29.9024,6,2,1,0,65.99899821,54.56740058,24.01624528,44.07283542,96.40756728,141.1197783,194.0100032,249.1902105,302.3852587,0.7973,20689,78.1067,0,1,78.1067,"8,409",6567.992403,364,241,0.055420283,0.0366931
4611,East Baton Rouge Parish,LA,837,368,4,HURRICANE IDA,3,4,2021,-91.0956,30.5383,7,2,0,0,98.28200417,88.25367338,46.21162518,15.74485942,58.68962896,104.4753115,158.2356158,214.2307802,269.4059233,0.8192,453301,62.61774,0,0,62.61774,"181,478",113637.4222,837,368,0.007365531,0.00323837
4611,East Feliciana Parish,LA,165,85,4,HURRICANE IDA,3,4,2021,-91.0455,30.8451,7,2,0,0,113.7810278,104.455384,61.338813,19.44540499,40.07799371,86.12066682,140.1058382,196.3286478,252.2065642,0.7581,19338,82.18788,0,0,82.18788,"6,886",5659.457417,165,85,0.029154738,0.015019108
4611,Iberia Parish,LA,101,59,4,HURRICANE IDA,3,4,2021,-91.7301,29.8965,8,1,0,0,93.29152304,81.195346,58.90007497,64.20392454,105.5217251,152.2893484,206.5997921,263.1022635,319.3842576,0.9733,68975,67.90411,0,0,67.90411,"27,016",18344.97436,101,59,0.005505595,0.00321614
4611,Iberville Parish,LA,202,82,4,HURRICANE IDA,3,4,2021,-91.3495,30.2586,7,2,0,0,91.96038298,80.66988942,44.55531218,35.10994531,78.15418681,124.6192142,178.7008918,234.9406382,290.5531878,0.8851,29824,75.09305,0,0,75.09305,"11,208",8416.429044,202,82,0.024000678,0.009742849
4611,Jefferson Parish,LA,3757,3112,4,HURRICANE IDA,3,4,2021,-90.1274,29.7872,3,3,0,3,41.48931746,38.07590572,25.56104443,60.07839477,110.4559274,146.3239591,193.2658655,244.095839,290.9297756,0.8154,433688,63.46075,0,3,63.46075,"178,028",112977.904,3757,3112,0.03325429,0.027545209
4611,Lafourche Parish,LA,1702,3850,4,HURRICANE IDA,3,4,2021,-90.4256,29.5661,3,3,2,1,30.41469368,22.05095252,22.04244288,65.13857904,118.8336355,158.3980243,207.6021028,259.8908933,308.4052466,0.8625,97504,77.99373,0,3,77.99373,"37,179",28997.28888,1702,3850,0.058695142,0.132771033
4611,Livingston Parish,LA,1198,811,4,HURRICANE IDA,3,4,2021,-90.7279,30.4401,5,2,1,1,85.14699825,76.49196976,33.14461361,10.3130383,64.33635162,106.4515084,158.3388934,213.0079668,265.7489818,0.543,145830,84.16317,0,2,84.16317,"52,581",44253.83642,1198,811,0.027071099,0.018326095
4611,Orleans Parish,LA,3615,2262,4,HURRICANE IDA,3,4,2021,-89.9288,30.0687,3,3,3,0,59.93989538,57.74007731,36.39388813,55.35213379,99.60241242,131.4624463,176.2691146,225.9432227,271.7467308,0.8364,376971,52.49393,0,3,52.49393,"165,125",86680.60191,3615,2262,0.041704833,0.026095804
4611,Plaquemines Parish,LA,602,461,4,HURRICANE IDA,3,4,2021,-89.61,29.4406,4,2,1,2,37.10426754,43.86442001,58.62844793,93.25018526,140.7005047,172.1404315,214.929824,262.3097119,304.4795797,0.6604,23303,70.0188,5.2,3,70.0188,"8,190",5734.53972,602,461,0.104977911,0.080390061
4611,Pointe Coupee Parish,LA,43,26,4,HURRICANE IDA,3,4,2021,-91.6008,30.7095,7,2,0,0,121.2108669,110.2172463,71.18214797,41.93642826,59.66574552,105.9090329,160.1353898,216.8779002,274.7990504,0.7683,20356,77.3937,0,0,77.3937,"8,645",6690.685365,43,26,0.006426845,0.003886
4611,St. Bernard Parish,LA,616,323,4,HURRICANE IDA,3,4,2021,-89.5552,29.8692,3,3,3,0,57.24744946,59.7610419,54.49290598,78.17204974,120.1934642,148.3384857,189.6025967,236.4546633,278.6636035,0.8549,44258,71.60409,0,3,71.60409,"16,223",11616.33152,616,323,0.05302879,0.02780568
4611,St. Charles Parish,LA,648,1098,4,HURRICANE IDA,3,4,2021,-90.3582,29.9055,3,3,1,2,49.12946098,42.47134606,12.60619458,47.64223914,99.86929358,138.1397477,186.9474111,239.1937627,287.9888852,0.3294,52282,80.3525,0,3,80.3525,"19,187",15417.23418,648,1098,0.042030885,0.071219
4611,St. Helena Parish,LA,434,319,4,HURRICANE IDA,3,4,2021,-90.7103,30.8219,6,2,0,1,106.8788532,98.83841455,55.71969139,14.123479,41.91958308,83.55028268,135.8721213,191.0170946,244.8548049,0.9424,10912,72.3328,0,1,72.3328,"4,380",3168.17664,434,319,0.136987311,0.10068883
4611,St. James Parish,LA,398,601,4,HURRICANE IDA,3,4,2021,-90.7931,30.027,4,3,1,1,63.78031855,53.79764108,12.62749722,34.45093677,88.72957951,131.5099375,183.3002746,237.7065831,289.6918991,0.5926,19742,82.83625,0,2,82.83625,"7,692",6371.76435,398,601,0.062463076,0.094322383
4611,St. John the Baptist Parish,LA,880,1591,4,HURRICANE IDA,3,4,2021,-90.4709,30.1264,3,4,1,1,63.31129276,55.81869866,15.18013637,33.19881297,85.50184433,124.6749599,174.4376361,227.508112,277.6437823,0.7011,42094,81.13861,0,2,81.13861,"15,803",12822.33454,880,1591,0.068630248,0.124080369
4611,St. Martin Parish,LA,43,31,4,HURRICANE IDA,3,4,2021,-91.6082,30.1291,8,1,0,0,96.15017658,84.28368968,54.26214286,50.58769503,90.16608827,136.9327781,191.2441296,247.7546446,304.141043,0.7896,51540,80.25158,0,0,80.25158,"20,238",16241.31476,43,31,0.002647569,0.001908712
4611,St. Mary Parish,LA,257,181,4,HURRICANE IDA,3,4,2021,-91.4485,29.7206,6,3,0,0,75.28247182,63.18210599,45.55716146,62.70215067,110.6785578,156.8761935,210.7090925,266.6559004,321.3110772,0.8835,48232,67.17267,0,0,67.17267,"19,321",12978.43157,257,181,0.019802085,0.013946215
4611,St. Tammany Parish,LA,1211,724,4,HURRICANE IDA,3,4,2021,-89.9583,30.4102,3,4,2,0,79.77365251,76.31926326,45.31695717,45.06751125,81.54695028,111.1427753,155.7148047,205.7691712,252.5624306,0.4793,269388,80.96999,0,2,80.96999,"102,005",82593.4383,1211,724,0.014662182,0.00876583
4611,Tangipahoa Parish,LA,2151,1761,4,HURRICANE IDA,3,4,2021,-90.4057,30.6266,5,2,1,1,92.40443505,85.76849171,44.83358859,20.46411829,58.35415215,94.71731771,144.1871382,197.5220771,248.5881133,0.9217,135217,70.17687,0,2,70.17687,"50,961",35762.83472,2151,1761,0.060146239,0.049241063
4611,Terrebonne Parish,LA,2009,4535,4,HURRICANE IDA,3,4,2021,-90.8663,29.4148,5,1,3,0,39.74366464,27.64730716,32.31842284,71.33842514,125.3755341,168.5122285,220.0960555,274.111476,325.0371769,0.8947,108708,74.89739,0,3,74.89739,"41,344",30965.57692,2009,4535,0.064878494,0.146452947
4611,Washington Parish,LA,490,220,4,HURRICANE IDA,3,4,2021,-90.0405,30.8533,3,5,1,0,105.736087,101.1431639,64.24073728,42.10184649,58.87428155,84.3188538,129.0773256,180.1192912,228.8263533,0.9784,45133,71.21836,0,1,71.21836,"17,944",12779.42252,490,220,0.038342891,0.017215175
4611,West Baton Rouge Parish,LA,64,38,4,HURRICANE IDA,3,4,2021,-91.3127,30.4636,7,2,0,0,100.4563987,89.64841771,50.19958695,27.78755215,65.83973349,112.4253758,166.6043729,222.9604358,278.9838368,0.5939,27792,71.70546,0,0,71.70546,"10,338",7412.910455,64,38,0.008633586,0.005126192
4611,West Feliciana Parish,LA,29,12,4,HURRICANE IDA,3,4,2021,-91.42,30.8798,7,2,0,0,124.4368352,114.091054,72.65147417,36.185161,45.88594359,92.31333652,146.6119987,203.3358295,261.0509567,0.4472,15494,73.09032,0,0,73.09032,"3,897",2848.32977,29,12,0.010181405,0.004212995
4626,Amite County,MS,69,14,4,HURRICANE IDA,3,4,2021,-90.8044,31.1744,6,3,0,0,128.6114834,120.5476524,77.34518067,34.53399039,20.18141283,63.59561384,117.1533051,173.1696565,228.8355075,0.8686,12637,83.57452,0,0,83.57452,"5,597",4677.665884,69,14,0.014750947,0.002992946
4626,Hancock County,MS,50,21,4,HURRICANE IDA,3,4,2021,-89.4885,30.416,3,6,0,0,87.39929647,87.20872428,65.57978776,68.82659712,97.68566999,119.1750274,157.5381493,203.4978242,245.8041177,0.5761,46055,81.15951,0,0,81.15951,"19,034",15447.90113,50,21,0.003236686,0.001359408
4626,Harrison County,MS,130,101,4,HURRICANE IDA,3,4,2021,-89.1161,30.5122,4,5,0,0,102.0063332,103.4637427,85.43317852,87.33722996,109.4363797,123.869395,156.241995,198.1914989,236.5404997,0.9293,209396,58.03938,0,0,58.03938,"81,633",47379.28708,130,101,0.002743815,0.002131733
4626,Jackson County,MS,88,78,4,HURRICANE IDA,3,4,2021,-88.6357,30.5423,4,5,0,0,119.0612615,122.3586979,109.1042487,112.084111,130.0916938,138.1628108,163.3811491,199.6772265,232.2347062,0.7495,143987,73.67317,0,0,73.67317,"55,677",41019.01086,88,78,0.002145347,0.001901557
4626,Pearl River County,MS,51,15,4,HURRICANE IDA,3,4,2021,-89.5896,30.7688,3,6,0,0,105.2481223,103.3266738,74.00648292,63.39864381,80.49628305,97.88797226,135.7667447,182.4918972,226.4683892,0.6595,56503,78.71274,0,0,78.71274,"21,703",17083.02596,51,15,0.00298542,0.000878065
4626,Pike County,MS,144,28,4,HURRICANE IDA,3,4,2021,-90.4042,31.1749,5,3,1,0,125.1950326,118.7322759,77.31530215,40.14510241,32.09657243,61.82412658,111.6405246,165.8320888,218.7462481,0.9701,39973,69.62098,0,1,69.62098,"16,232",11300.87747,144,28,0.012742373,0.002477684
4626,Walthall County,MS,115,13,4,HURRICANE IDA,3,4,2021,-90.1061,31.1484,3,5,1,0,123.2476782,118.1304576,79.29300447,48.67319758,45.92621607,66.35721899,111.4503334,163.3873374,213.655852,0.8269,13836,86.03332,0,1,86.03332,"5,653",4863.46358,115,13,0.0236457,0.002672992
4626,Wilkinson County,MS,25,1,4,HURRICANE IDA,3,4,2021,-91.3109,31.1611,7,2,0,0,136.7139399,127.0497253,84.28251378,42.81197402,29.33251771,74.98158305,129.1546319,185.8999167,244.0330904,0.9087,8315,81.03402,0,0,81.03402,"3,313",2684.657083,25,1,0.009312176,0.000372487
4337,Alachua County,FL,76,117,5,HURRICANE IRMA,1,3,2017,-82.3577,29.6748,5,2,2,0,314.476818,302.5805417,247.469088,229.62152,176.3089065,89.05312895,18.4435626,94.56303548,170.3528688,0.4871,266309,55.37995,0,2,55.37995,"112,723",62425.94104,76,117,0.001217443,0.001874221
4337,Baker County,FL,9,31,5,HURRICANE IRMA,1,3,2017,-82.2846,30.3311,5,3,1,0,353.0569064,341.1161096,286.123484,268.1960248,214.5227833,128.199694,48.99036416,71.58355607,144.048935,0.7023,28254,77.51935,0,1,77.51935,"9,087",7044.183335,9,31,0.00127765,0.004400794
4337,Bradford County,FL,37,122,5,HURRICANE IRMA,1,3,2017,-82.1688,29.95,5,2,2,0,329.599361,317.6453574,262.7095845,244.7574068,190.9956776,105.2237331,34.80174256,89.57884198,164.263317,0.9089,27142,70.17544,0,2,70.17544,"9,462",6640.000133,37,122,0.005572289,0.018373494
4337,Brevard County,FL,384,518,5,HURRICANE IRMA,1,3,2017,-80.7323,28.2936,1,5,3,0,231.7876949,219.9602276,170.0399255,152.9389111,103.5560928,77.9341246,129.9385389,213.2601911,288.7532875,0.4266,587769,71.64554,0.1,3,71.64554,"257,026",184147.6656,384,518,0.002085283,0.00281296
4337,Broward County,FL,793,589,5,HURRICANE IRMA,1,3,2017,-80.4871,26.1523,3,1,4,1,113.5661365,103.1892972,73.53246778,67.2580857,76.00459278,153.4497956,238.298906,326.7596273,402.0545501,0.5985,1934516,62.10725,0,5,62.10725,"756,657",469938.8546,793,589,0.001687454,0.001253355
4337,Charlotte County,FL,51,78,5,HURRICANE IRMA,1,3,2017,-81.9123,26.9055,3,2,3,1,146.3341127,134.4603243,79.31767574,61.52267218,13.0345907,79.32236737,167.277848,254.2639541,327.2903245,0.4817,181522,75.57708,3.47,4,75.57708,"85,846",64879.9001,51,78,0.000786068,0.001202221
4337,Citrus County,FL,46,46,5,HURRICANE IRMA,1,3,2017,-82.4794,28.8489,4,3,2,0,266.6954217,254.9093287,199.7183474,182.10527,129.9635211,41.71052058,46.61628151,134.2995684,208.7265734,0.6087,145415,79.53176,0,2,79.53176,"69,438",55225.26351,46,46,0.000832952,0.000832952
4337,Clay County,FL,68,281,5,HURRICANE IRMA,1,3,2017,-81.8579,29.9831,5,2,2,0,330.2008708,318.1967117,263.6480507,245.6213207,191.5517693,108.6968574,49.60722056,101.403905,174.5283973,0.3559,212228,74.25214,13.33,2,74.25214,"78,939",58613.89679,68,281,0.001160134,0.004794085
4337,Collier County,FL,547,654,5,HURRICANE IRMA,1,3,2017,-81.3475,26.1107,2,1,3,3,97.19021277,85.21541717,36.1443041,22.87451534,45.5778563,133.6303808,221.748613,309.5558163,383.222678,0.4811,372678,67.72827,5.3,6,67.72827,"157,921",106957.1613,547,654,0.005114197,0.006114598
4337,Columbia County,FL,34,54,5,HURRICANE IRMA,1,3,2017,-82.6215,30.2242,5,3,1,0,349.3052525,337.456084,282.2827408,264.5260579,211.5393373,123.6892281,37.74955035,60.98361283,136.1554175,0.859,69999,71.93809,0,1,71.93809,"26,424",19008.9209,34,54,0.001788634,0.002840771
4337,DeSoto County,FL,40,111,5,HURRICANE IRMA,1,3,2017,-81.8095,27.1863,3,3,2,1,162.3674757,150.4110445,95.55135083,77.55697476,23.95392836,64.39181365,152.5623996,240.2891832,314.0818133,0.9901,37241,64.44562,0,3,64.44562,"11,941",7695.451484,40,111,0.005197876,0.014424105
4337,Dixie County,FL,20,11,5,HURRICANE IRMA,1,3,2017,-83.1588,29.6082,5,3,1,0,319.6778961,308.1229592,253.1896005,236.0546697,185.6752744,98.5589184,23.9876227,79.65926561,151.9726297,0.8453,16615,77.40342,0,1,77.40342,"6,248",4836.165682,20,11,0.004135508,0.002274529
4337,Duval County,FL,329,749,5,HURRICANE IRMA,1,3,2017,-81.6708,30.3316,2,5,2,0,350.7172932,338.6971728,284.4706182,266.4347268,212.327331,131.123382,69.33957525,100.6211709,169.1759223,0.6708,937933,59.07883,3.78,2,59.07883,"399,759",236172.94,329,749,0.001393047,0.003171405
4337,Flagler County,FL,53,170,5,HURRICANE IRMA,1,3,2017,-81.3136,29.4614,2,5,2,0,298.4490497,286.4316532,233.0610578,215.0987429,161.3105728,89.05309657,72.99980098,142.7943555,216.6832169,0.3352,109999,74.05306,0,2,74.05306,"48,450",35878.70757,53,170,0.001477199,0.004738186
4337,Gilchrist County,FL,13,6,5,HURRICANE IRMA,1,3,2017,-82.8004,29.7258,5,3,1,0,321.7832406,310.0409414,254.8668264,237.3304871,185.2971106,97.01572585,9.203931824,79.38364248,154.6161374,0.7746,17900,80.46093,0,1,80.46093,"6,551",5270.995524,13,6,0.002466327,0.001138305
4337,Glades County,FL,24,18,5,HURRICANE IRMA,1,3,2017,-81.189,26.9564,2,3,2,2,148.6373459,136.6957544,86.07412017,69.21348744,28.9710492,92.15380447,177.927413,266.4355496,341.4226988,0.9538,13580,72.0869,0,4,72.0869,"4,250",3063.69325,24,18,0.007833682,0.005875262
4337,Hamilton County,FL,9,0,5,HURRICANE IRMA,1,3,2017,-82.9479,30.4964,5,3,1,0,368.6696454,356.9063195,301.7207099,284.1306853,231.7714491,143.5148254,55.41461764,37.46153373,112.6793911,0.9844,14364,70.87513,0,1,70.87513,"4,690",3324.043597,9,0,0.002707546,0
4337,Hardee County,FL,35,82,5,HURRICANE IRMA,1,3,2017,-81.81,27.4927,3,3,3,0,180.7006171,168.7305705,113.9438278,95.93608592,42.05921874,47.30782847,135.1281698,223.2156805,297.465628,0.9949,27154,68.51174,5.46,3,68.51174,"8,059",5521.361127,35,82,0.006339017,0.01485141
4337,Hendry County,FL,106,98,5,HURRICANE IRMA,1,3,2017,-81.1659,26.5535,2,2,2,3,124.7807778,112.8953047,64.1713429,48.71654444,32.29352303,113.3411304,200.414117,288.8139756,363.4145552,0.9955,41018,67.2901,1.6,5,67.2901,"12,644",8508.160244,106,98,0.012458628,0.011518354
4337,Hernando County,FL,73,90,5,HURRICANE IRMA,1,3,2017,-82.4245,28.5535,4,3,2,0,248.7173263,236.9392839,181.7505171,164.1627608,112.2558466,24.34532698,64.55988291,151.8339009,225.8393992,0.6157,186704,75.74802,5.1,2,75.74802,"79,773",60426.46799,73,90,0.00120808,0.001489414
4337,Highlands County,FL,148,167,5,HURRICANE IRMA,1,3,2017,-81.341,27.3434,1,4,3,1,171.1627571,159.1545817,106.5797169,88.89706707,37.90309642,68.84844768,153.5021195,242.0132725,317.1395235,0.8516,103852,71.30065,0,4,71.30065,"44,376",31640.37644,148,167,0.004677568,0.005278066
4337,Hillsborough County,FL,271,286,5,HURRICANE IRMA,1,3,2017,-82.3092,27.9292,3,3,2,1,210.7323681,198.976457,143.7995498,126.2914776,75.27776443,17.28064382,102.5388664,189.175862,262.3954709,0.6905,1426736,59.60767,10.1,3,59.60767,"559,949",333772.5521,271,286,0.00081193,0.000856871
4337,Indian River County,FL,49,80,5,HURRICANE IRMA,1,3,2017,-80.6062,27.6943,1,5,3,0,198.010779,186.3617194,138.9506195,122.8078898,79.42640862,89.93905107,159.1481391,245.2582429,321.0460191,0.4769,154241,73.19095,0,3,73.19095,"71,177",52095.12248,49,80,0.000940587,0.001535652
4337,Lafayette County,FL,2,3,5,HURRICANE IRMA,1,3,2017,-83.1811,29.9855,5,3,1,0,341.7974285,330.1899611,275.1642263,257.9019888,206.9074056,119.0764254,34.16440616,57.4110732,131.1401022,0.9449,8602,83.52329,0,1,83.52329,"2,727",2277.680118,2,3,0.000878086,0.00131713
4337,Lake County,FL,154,106,5,HURRICANE IRMA,1,3,2017,-81.7113,28.7615,4,3,2,0,256.455063,244.4428733,190.0720809,172.0360136,117.9279914,42.50305148,72.34980579,158.8404425,234.6455941,0.6517,345432,71.20357,0,2,71.20357,"156,923",111734.7782,154,106,0.001378264,0.000948675
4337,Lee County,FL,458,830,5,HURRICANE IRMA,1,3,2017,-81.8337,26.5779,2,3,3,1,126.2289597,114.3397633,59.23343319,41.38852202,15.1615822,99.46229062,187.4077821,274.2791381,347.0999545,0.6364,740000,65.87072,4.65,4,65.87072,"318,303",209668.4779,458,830,0.002184401,0.00395863
4337,Levy County,FL,13,11,5,HURRICANE IRMA,1,3,2017,-82.7436,29.3184,5,2,2,0,297.2500795,285.5315532,230.376077,212.899601,161.2106089,73.08792727,17.08309628,102.9021262,177.2918816,0.8497,40276,73.43293,0,2,73.43293,"17,756",13038.75105,13,11,0.000997028,0.000843639
4337,Manatee County,FL,93,96,5,HURRICANE IRMA,1,3,2017,-82.3153,27.4719,3,3,2,1,184.022774,172.3629851,117.3042836,100.115987,52.1102625,44.20086725,129.5455652,215.2702222,287.6050522,0.5546,385506,67.81733,0,3,67.81733,"168,437",114229.4761,93,96,0.000814151,0.000840414
4337,Marion County,FL,178,211,5,HURRICANE IRMA,1,3,2017,-82.0567,29.2102,4,3,2,0,284.7481522,272.7904199,217.8800883,199.9166967,146.1339948,61.20204026,41.04149712,126.335822,202.1455681,0.765,353339,73.52588,0,2,73.52588,"156,906",115366.5173,178,211,0.001542909,0.001828954
4337,Martin County,FL,26,34,5,HURRICANE IRMA,1,3,2017,-80.4315,27.0775,2,3,4,0,165.4007726,154.1750832,112.0762945,98.33713492,70.00438833,115.8683714,193.3998266,280.7710788,356.5627768,0.4416,159701,74.63124,0,4,74.63124,"68,750",51308.9775,26,34,0.000506734,0.000662652
4337,Miami-Dade County,FL,1903,1218,5,HURRICANE IRMA,1,3,2017,-80.5623,25.6149,3,1,4,1,84.2658026,75.02781274,61.68705016,63.94295128,94.0327043,178.496693,265.2584065,353.7358635,428.4992718,0.8344,2713295,55.45565,0,5,55.45565,"967,414",536485.7219,1903,1218,0.003547159,0.002270331
4337,Monroe County,FL,1237,1856,5,HURRICANE IRMA,1,3,2017,-81.1087,25.3185,3,1,1,4,53.63522916,42.86260002,36.28554097,47.43252481,94.62019861,182.8712068,271.0319694,358.6904781,432.0620879,0.4728,76483,56.46792,5.45,5,56.46792,"36,436",20574.65133,1237,1856,0.060122526,0.09020809
4337,Nassau County,FL,38,62,5,HURRICANE IRMA,1,3,2017,-81.8016,30.6107,5,3,1,0,367.7295848,355.7167141,301.2941655,283.2609279,229.1639729,146.4265545,76.65158567,89.45416847,154.4021752,0.3286,82925,77.92069,0,1,77.92069,"35,919",27988.33264,38,62,0.001357709,0.002215209
4337,Okeechobee County,FL,53,42,5,HURRICANE IRMA,1,3,2017,-80.8886,27.3864,2,3,3,1,176.6507319,164.8487787,115.9330079,99.43197995,55.93675759,85.18788699,163.9188892,251.8191205,327.5112134,0.9698,41275,70.64018,0,4,70.64018,"14,433",10195.49718,53,42,0.005198373,0.004119466
4337,Orange County,FL,371,316,5,HURRICANE IRMA,1,3,2017,-81.3235,28.5144,0,6,3,0,241.534538,229.5198746,176.3706369,158.4626794,105.0022574,50.07653483,97.42926768,182.9851523,258.7744063,0.6909,1355921,56.15252,0,3,56.15252,"519,437",291676.9653,371,316,0.001271955,0.00108339
4337,Osceola County,FL,163,174,5,HURRICANE IRMA,1,3,2017,-81.1495,28.0626,1,5,3,0,215.0167485,203.0404077,150.9689443,133.3193636,81.39342689,56.30496468,123.3329449,210.2994583,286.1036029,0.8551,353623,58.69926,0,3,58.69926,"130,574",76645.97175,163,174,0.002126661,0.002270178
4337,Palm Beach County,FL,574,237,5,HURRICANE IRMA,1,3,2017,-80.4655,26.6476,2,3,4,0,140.7742733,129.8146221,91.68974441,80.30612189,66.9210104,131.4423389,213.3942573,301.5090975,377.1310008,0.5718,1470344,66.48902,0,4,66.48902,"607,880",404173.4548,574,237,0.001420182,0.000586382
4337,Pasco County,FL,217,173,5,HURRICANE IRMA,1,3,2017,-82.3932,28.3091,4,3,1,1,233.998414,222.2359197,167.0539044,149.5109682,97.96218077,12.1533216,79.26987458,166.1601127,239.7790201,0.6367,525141,70.43391,3.5,2,70.43391,"225,214",158627.0261,217,173,0.001367989,0.001090609
4337,Pinellas County,FL,257,122,5,HURRICANE IRMA,1,3,2017,-82.7256,27.9199,3,3,2,1,215.9673447,204.5354223,149.9443663,133.3027844,86.78654168,32.57528586,101.0175466,183.6963888,254.6869614,0.5174,968341,65.31525,0,3,65.31525,"442,789",289208.7423,257,122,0.000888632,0.000421841
4337,Polk County,FL,585,610,5,HURRICANE IRMA,1,3,2017,-81.6977,27.9489,3,2,4,0,207.6235866,195.6158248,141.2172151,123.1810577,69.07260966,30.62459785,112.4407465,200.9518379,276.1081974,0.9277,685368,65.67081,1.38,4,65.67081,"272,418",178899.1072,585,610,0.00327,0.003409743
4337,Putnam County,FL,112,138,5,HURRICANE IRMA,1,3,2017,-81.7443,29.6086,5,2,2,0,307.4099246,295.3966426,241.0107869,222.9755229,168.8708841,88.01627412,49.95915692,119.7509448,194.4171008,0.9516,73384,70.79403,0,2,70.79403,"29,569",20933.08673,112,138,0.005350382,0.006592434
4337,Sarasota County,FL,89,88,5,HURRICANE IRMA,1,3,2017,-82.3315,27.1845,3,4,2,0,167.5453989,155.9854903,101.1491048,84.3634426,40.97379111,61.45241708,146.5227967,231.661912,303.4197238,0.2827,419680,72.46193,0,2,72.46193,"200,211",145076.7547,89,88,0.000613468,0.000606575
4337,Seminole County,FL,161,184,5,HURRICANE IRMA,1,3,2017,-81.2363,28.717,0,6,3,0,253.9239898,241.9188471,189.0294939,171.1608733,117.8613717,59.67117393,93.39865691,176.5385036,252.1270707,0.1786,462801,67.20455,0,3,67.20455,"182,420",122594.5401,161,184,0.001313272,0.001500883
4337,St. Johns County,FL,85,187,5,HURRICANE IRMA,1,3,2017,-81.4407,29.9016,2,5,2,0,324.7626254,312.7390823,258.9819726,240.9722637,186.9736881,109.8080432,68.18531468,122.4940117,194.2522814,0.0882,243693,76.66989,3.3,2,76.66989,"104,640",80227.3729,85,187,0.001059489,0.002330875
4337,St. Lucie County,FL,132,255,5,HURRICANE IRMA,1,3,2017,-80.472,27.3772,2,3,4,0,181.6850858,170.2618906,125.625439,110.6419149,74.32663163,104.3721341,178.0871162,264.8061954,340.6163711,0.7676,313163,69.83533,0,4,69.83533,"128,997",90085.48064,132,255,0.001465275,0.002830645
4337,Sumter County,FL,63,43,5,HURRICANE IRMA,1,3,2017,-82.081,28.7048,4,3,2,0,254.7154047,242.783055,187.7712337,169.8496723,116.2975963,30.99385431,62.87149044,151.3162543,226.6770058,0.2881,124995,89.14719,0,2,89.14719,"62,907",56079.82281,63,43,0.001123399,0.000766764
4337,Suwannee County,FL,16,11,5,HURRICANE IRMA,1,3,2017,-82.9915,30.1956,5,3,1,0,351.5501627,339.8332051,284.676044,267.183134,215.2419623,126.9627603,38.89750806,49.86566117,125.5482883,0.9643,44124,69.65651,0,1,69.65651,"16,385",11413.21916,16,11,0.001401883,0.000963795
4337,Union County,FL,4,11,5,HURRICANE IRMA,1,3,2017,-82.3714,30.0438,5,3,1,0,336.5289476,324.6189026,269.5360389,251.6632362,198.2221327,111.2151307,31.71216282,77.90681782,152.9264448,0.8921,15448,69.01324,0,1,69.01324,"4,271",2947.55548,4,11,0.001357057,0.003731906
4337,Volusia County,FL,229,292,5,HURRICANE IRMA,1,3,2017,-81.1819,29.0583,1,5,3,0,274.5783312,262.5775943,209.7472607,191.8781757,138.5307001,74.49161673,85.97592266,163.7985652,238.6966578,0.5896,537868,68.28473,0.1,3,68.28473,"232,301",158626.1106,229,292,0.001443646,0.001840807
4337,Bulloch County,GA,0,0,5,HURRICANE IRMA,0,0,2017,-81.7432,32.3968,5,4,0,0,474.9334697,462.913554,408.6336577,390.5977655,336.4902636,253.4246651,175.2228502,127.204585,138.4922911,0.7908,75991,54.238,0,0,54.238,"29,747",16134.17786,0,0,0,0
4337,Lowndes County,MS,0,0,5,HURRICANE IRMA,0,0,2017,-88.4433,33.4729,9,0,0,0,650.9843305,640.871332,589.9404346,575.272941,532.5013594,451.8698752,375.1446144,295.2211846,225.3628716,0.8577,59147,60.7012,0,0,60.7012,"23,680",14374.04416,0,0,0,0
4337,Cherokee County,SC,0,0,5,HURRICANE IRMA,0,0,2017,-81.6206,35.0481,6,3,0,0,634.1886313,622.1650641,568.0398497,550.0041293,495.8971604,412.7758979,332.0940442,266.7758885,235.0248366,0.8424,56913,71.51984,0,0,71.51984,"22,349",15983.96904,0,0,0,0
4337,Blanco County,TX,0,0,5,HURRICANE IRMA,0,0,2017,-98.3999,30.2664,9,0,0,0,965.2076809,960.2271641,929.2490896,922.8272504,905.4005145,858.1754459,818.3109767,771.5455575,726.9655097,0.2362,11481,74.02479,0,0,74.02479,"4,787",3543.566697,0,0,0,0
4337,Burnet County,TX,0,0,5,HURRICANE IRMA,0,0,2017,-98.1823,30.7884,9,0,0,0,964.1751621,958.8137502,926.2245958,919.1948303,899.9025841,849.9091265,807.0355435,757.3437005,710.335571,0.5616,46600,75.75199,0,0,75.75199,"19,245",14578.47048,0,0,0,0
4338,Volusia County,FL,0,0,5,HURRICANE IRMA,0,0,2017,-81.1819,29.0583,1,5,3,0,274.5783312,262.5775943,209.7472607,191.8781757,138.5307001,74.49161673,85.97592266,163.7985652,238.6966578,0.5896,537868,68.28473,0.1,3,68.28473,"232,301",158626.1106,0,0,0,0
4338,Camden County,GA,31,80,5,HURRICANE IRMA,0,0,2017,-81.6699,30.9306,3,5,1,0,386.7167446,374.6958332,320.4825648,302.4466244,248.3389987,166.4882271,96.23011408,94.41175322,151.7089736,0.554,53005,58.66619,4.87,1,58.66619,"20,374",11952.64955,31,80,0.002593567,0.006693077
4338,Charlton County,GA,7,9,5,HURRICANE IRMA,0,0,2017,-82.1377,30.7817,5,3,1,0,379.1805895,367.2035982,312.387744,294.4018955,240.4894579,155.2474503,76.818436,70.67910351,134.2133175,0.7775,12810,72.55101,0,1,72.55101,"3,993",2896.961829,7,9,0.002416325,0.003106703
4338,Chatham County,GA,41,60,5,HURRICANE IRMA,0,0,2017,-81.1329,32.0043,4,5,0,0,451.5802044,439.5667673,386.1851417,368.2022809,314.2902076,235.3497273,165.6527827,138.3647105,166.771902,0.6858,289309,55.33349,6.1,0,55.33349,"118,480",65559.11895,41,60,0.00062539,0.000915204
4338,Coffee County,GA,7,3,5,HURRICANE IRMA,0,0,2017,-82.8492,31.5493,6,3,0,0,429.8000674,417.9377515,362.7763889,344.9926312,291.8266521,204.1844993,117.4471266,51.41287112,82.05828335,0.9475,42880,66.64704,0,0,66.64704,"15,277",10181.6683,7,3,0.00068751,0.000294647
4338,Glynn County,GA,38,106,5,HURRICANE IRMA,0,0,2017,-81.5407,31.2309,3,5,1,0,404.6711832,392.6472394,338.6374279,320.6068512,266.5196449,185.4411948,115.0047613,102.8408779,151.8863002,0.7851,84675,61.56666,3.14,1,61.56666,"34,339",21141.37538,38,106,0.001797423,0.005013865
4338,Liberty County,GA,18,16,5,HURRICANE IRMA,0,0,2017,-81.4949,31.8282,4,5,0,0,440.5755012,428.5513933,374.5986548,356.5699295,302.4890556,221.1942275,147.7302679,117.083219,148.3943262,0.8106,61619,43.01486,2.84,0,43.01486,"23,413",10071.06917,18,16,0.001787298,0.001588709
4338,McIntosh County,GA,9,17,5,HURRICANE IRMA,0,0,2017,-81.4103,31.4963,4,4,1,0,420.6482972,408.6249303,354.8182481,336.7987901,282.7531561,202.4062005,132.119586,113.2843689,154.8384426,0.5817,14080,77.20089,0,1,77.20089,"4,681",3613.773661,9,17,0.002490471,0.004704224
4337,Taylor County,FL,0,0,5,HURRICANE IRMA,0,0,2017,-83.6035,30.047,5,3,1,0,351.8969214,340.4918054,285.8546973,269.0109713,219.6165922,133.2773903,54.24885251,51.56247203,118.7271557,0.843,21781,80.63919,0,1,80.63919,"8,138",6562.417282,0,0,0,0
4337,Madison County,FL,0,0,5,HURRICANE IRMA,0,0,2017,-83.4701,30.4441,6,2,1,0,372.46902,360.9222934,305.9908319,288.8370717,238.1574316,150.4449836,64.67026093,27.45253176,99.74594805,0.978,18474,70.95461,0,1,70.95461,"6,877",4879.54853,0,0,0,0
4337,Lowndes County,GA,0,0,5,HURRICANE IRMA,0,0,2017,-83.2677,30.8338,6,2,1,0,392.2306331,380.5480914,325.4206617,307.9853711,256.177776,167.906149,79.82453341,12.63128681,86.52871509,0.901,115404,53.78345,0,1,53.78345,"44,207",23776.04974,0,0,0,0
4337,Echols County,GA,0,0,5,HURRICANE IRMA,0,0,2017,-82.894,30.7101,6,2,1,0,380.6566162,368.857763,313.6654732,296.0040935,243.3491862,155.2188598,67.49743852,33.31044887,105.3641781,0.8914,3914,63.05161,0,1,63.05161,"1,286",810.8437046,0,0,0,0
4337,Ware County,GA,0,0,5,HURRICANE IRMA,0,0,2017,-82.4237,31.0537,6,2,1,0,397.0577166,385.1233022,330.1055656,312.1917378,258.5520402,171.9637001,88.56545522,56.24286458,113.3860379,0.9583,35668,62.86952,0,1,62.86952,"13,651",8582.318175,0,0,0,0
4337,Clinch County,GA,0,0,5,HURRICANE IRMA,0,0,2017,-82.7062,30.9149,6,2,1,0,390.9645518,379.0991302,323.9410869,306.1522041,252.9951535,165.353326,79.05316752,40.95654999,105.1700134,0.9755,6643,68.62217,0,1,68.62217,"2,587",1775.255538,0,0,0,0
4337,Lanier County,GA,0,0,5,HURRICANE IRMA,0,0,2017,-83.0627,31.0379,6,2,1,0,401.7395768,389.9678279,334.7791128,317.1676375,264.6756033,176.4710292,88.47271964,24.01904672,85.95659698,0.9481,10425,58.83228,0,1,58.83228,"3,570",2100.312396,0,0,0,0
4337,Atkinson County,GA,0,0,5,HURRICANE IRMA,0,0,2017,-82.8801,31.2971,6,3,0,0,415.1584551,403.3170342,348.1383718,330.3936123,277.3842337,189.5515702,102.4566183,39.8541902,85.85487849,0.8844,8182,74.59531,0,0,74.59531,"3,064",2285.600298,0,0,0,0
4337,Bacon County,GA,0,0,5,HURRICANE IRMA,0,0,2017,-82.4527,31.5537,6,2,1,0,427.0686674,415.1260154,360.1352667,342.2086188,288.510311,202.0559318,118.1528111,66.65909528,101.7295541,0.8389,11205,70.59819,0,1,70.59819,"4,251",3001.129057,0,0,0,0
4337,Pierce County,GA,0,0,5,HURRICANE IRMA,0,0,2017,-82.2128,31.3588,6,2,1,0,414.0856404,402.1102045,347.2794601,329.2982079,275.3974064,189.909969,108.7109168,71.75619053,116.5923441,0.7297,19197,74.82993,0,1,74.82993,"7,506",5616.734546,0,0,0,0
4337,Brantley County,GA,0,0,5,HURRICANE IRMA,0,0,2017,-81.9819,31.1969,5,3,1,0,403.433719,391.4331174,336.8183227,318.7998704,264.7589428,180.5347687,102.9742456,80.20374991,130.8992722,0.61,18832,78.08496,0,1,78.08496,"6,915",5399.574984,0,0,0,0
4559,Acadia Parish,LA,140,66,6,HURRICANE LAURA,2,4,2020,-92.412,30.2906,7,1,1,0,54.8234152,71.37500234,152.9236951,247.0997812,307.8829698,354.5366028,421.0026761,485.9864921,611.7075483,0.9134,57455,70.03849,0,1,70.03849,"22,029",15428.77896,140,66,0.009073952,0.00427772
4559,Allen Parish,LA,313,200,6,HURRICANE LAURA,2,4,2020,-92.828,30.653,7,1,1,0,56.8425774,40.91492623,129.1313084,225.883948,288.4239752,337.5050385,406.8255873,476.5293135,607.4666487,0.768,22697,73.80405,0,1,73.80405,"7,851",5794.355966,313,200,0.054018083,0.034516347
4559,Beauregard Parish,LA,584,447,6,HURRICANE LAURA,2,4,2020,-93.3432,30.6486,7,2,0,0,51.06763028,33.22525697,131.3135271,229.5476002,293.5609852,344.9231738,416.6782294,490.1569666,624.6114597,0.5942,36573,80.53512,0,0,80.53512,"13,797",11111.43051,584,447,0.052558489,0.040228844
4559,Caddo Parish,LA,106,58,6,HURRICANE LAURA,2,4,2020,-93.8823,32.5806,9,0,0,0,169.831422,88.16366192,51.42230596,129.4883917,193.7290334,249.9702149,327.5488102,413.7129836,561.7697491,0.9096,237056,61.91002,0,0,61.91002,"99,029",61308.87371,106,58,0.00172895,0.000946029
4559,Calcasieu Parish,LA,2473,3345,6,HURRICANE LAURA,2,4,2020,-93.358,30.2293,7,1,0,1,25.98576288,58.43596194,156.3237612,254.5025823,318.3364793,369.2488809,440.322101,512.2261094,644.5303084,0.7623,216416,70.19434,3.5,1,70.19434,"83,865",58868.48324,2473,3345,0.042008896,0.056821576
4559,Cameron Parish,LA,168,459,6,HURRICANE LAURA,2,4,2020,-93.1937,29.8754,7,1,0,1,7.161061457,79.82566712,176.4738792,274.3016692,337.5858512,387.4669714,457.2363022,526.6708315,656.0115794,0.2362,5619,87.04185,17.1,1,87.04185,"2,121",1846.157639,168,459,0.090999813,0.248624489
4559,Grant Parish,LA,137,128,6,HURRICANE LAURA,2,4,2020,-92.5594,31.5997,6,2,1,0,114.7715939,44.96426591,74.2137145,168.3822043,230.1894526,278.9343564,348.6236125,420.34116,554.9678024,0.5563,22129,76.72805,0,1,76.72805,"7,823",6002.435352,137,128,0.022824069,0.021324678
4559,Jackson Parish,LA,31,16,6,HURRICANE LAURA,2,4,2020,-92.5579,32.302,7,2,0,0,155.2002841,76.3456907,34.59698893,126.1664177,188.3237747,238.1031164,309.4463441,384.8033525,523.9493461,0.7941,14989,68.2691,0,0,68.2691,"6,064",4139.838224,31,16,0.007488215,0.003864885
4559,Jefferson Davis Parish,LA,291,224,6,HURRICANE LAURA,2,4,2020,-92.8141,30.2677,7,1,0,1,37.81837462,61.41752767,152.3068676,248.9475184,311.2811624,359.9054294,428.4974958,496.5879413,625.2825557,0.8084,32166,78.2544,1.1,1,78.2544,"12,197",9544.689168,291,224,0.030488159,0.023468548
4559,LaSalle Parish,LA,27,3,6,HURRICANE LAURA,2,4,2020,-92.1604,31.6768,7,2,0,0,127.2740626,65.10535715,77.29407589,164.6121214,223.9849851,270.2053356,337.4958689,406.0451329,538.1136364,0.5983,14812,0,0,0,82.77057,"5,140",4254.407298,27,3,0.00634636,0.000705151
4559,Lincoln Parish,LA,39,28,6,HURRICANE LAURA,2,4,2020,-92.6649,32.6016,8,0,1,0,171.5696097,90.28422334,16.84471162,108.4363256,171.4726657,222.5303526,295.3159045,373.2976224,515.119504,0.8224,48259,51.40013,0,1,51.40013,"18,075",9290.573498,39,28,0.004197803,0.003013807
4559,Morehouse Parish,LA,60,40,6,HURRICANE LAURA,2,4,2020,-91.8018,32.8202,8,1,0,0,197.2028796,123.7770908,55.50462785,101.2068894,155.4123404,199.4257288,266.5144236,337.6750278,474.9003517,0.9058,25430,68.47598,0,0,68.47598,"10,302",7054.39546,60,40,0.008505335,0.005670224
4559,Natchitoches Parish,LA,101,61,6,HURRICANE LAURA,2,4,2020,-93.0962,31.7234,7,1,1,0,116.1141026,33.15729714,65.48980003,163.6974435,227.7538547,279.5967869,352.4287596,429.0143717,568.0358171,0.838,37349,54.57981,0,1,54.57981,"15,213",8303.226495,101,61,0.012163946,0.007346542
4559,Ouachita Parish,LA,221,100,6,HURRICANE LAURA,2,4,2020,-92.1549,32.4784,8,1,0,0,171.4654575,96.5782167,42.38815096,116.8174738,175.8179516,222.8349867,291.9191529,364.6265778,502.1001657,0.8651,160003,59.90652,0,0,59.90652,"62,654",37533.83104,221,100,0.005888021,0.002664263
4559,Rapides Parish,LA,471,255,6,HURRICANE LAURA,2,4,2020,-92.5332,31.1986,7,1,1,0,92.9939415,39.4329698,98.07632755,192.4772389,254.0060646,302.1238307,370.8383475,440.478787,572.4316558,0.9198,129607,65.09051,0,1,65.09051,"51,268",33370.60267,471,255,0.014114219,0.007641456
4559,Sabine Parish,LA,74,32,6,HURRICANE LAURA,2,4,2020,-93.5547,31.564,8,0,1,0,106.8670308,25.49113185,81.43415398,178.602242,243.4316155,296.9512297,371.3904368,450.4043587,591.2309086,0.8396,22118,73.78451,0,1,73.78451,"9,202",6789.65061,74,32,0.010898941,0.004713055
4559,St. Landry Parish,LA,129,52,6,HURRICANE LAURA,2,4,2020,-92.0058,30.5989,7,2,0,0,82.63771515,75.91693132,140.0112192,229.8928987,288.6449232,333.191418,397.6393129,460.2584724,584.3522176,0.8727,82273,69.07246,0,0,69.07246,"32,499",22447.85878,129,52,0.005746651,0.002316479
4559,Union Parish,LA,51,29,6,HURRICANE LAURA,2,4,2020,-92.3748,32.8318,8,0,1,0,188.3630755,108.8511223,26.60515861,94.48916346,155.5240682,204.9277781,276.5653048,353.4488089,494.9493451,0.7301,21124,80.50488,0,1,80.50488,"8,759",7051.422439,51,29,0.007232583,0.004112645
4559,Vermilion Parish,LA,158,79,6,HURRICANE LAURA,2,4,2020,-92.3237,29.8466,7,1,1,0,50.9990844,95.7958802,180.0087975,273.8998805,334.2748529,380.1962375,445.5457233,508.2765762,630.8746221,0.8546,57289,76.79689,0,1,76.79689,"22,195",17045.06974,158,79,0.009269543,0.004634771
4559,Vernon Parish,LA,215,161,6,HURRICANE LAURA,2,4,2020,-93.1843,31.1083,7,1,0,1,78.88392599,8.113506728,102.7345177,200.8987309,264.7930055,316.1011317,388.0325188,462.3590795,598.3454753,0.7801,48582,55.29379,0,1,55.29379,"18,761",10373.66794,215,161,0.020725553,0.015520065
4559,Winn Parish,LA,62,33,6,HURRICANE LAURA,2,4,2020,-92.6369,31.9442,7,2,0,0,133.3734063,56.17301968,53.15722449,147.8046319,210.1924878,259.8953892,330.8222064,404.9182584,542.2811869,0.7323,13721,71.06272,0,0,71.06272,"5,181",3681.759523,62,33,0.016839774,0.008963106
4559,Evangeline Parish,LA,0,0,6,HURRICANE LAURA,2,4,2020,-92.4059,30.7289,7,2,0,0,72.62360888,54.09919719,127.0506998,220.7600084,281.5718457,328.5255929,395.647034,462.2438233,590.4119906,0.9994,32307,64.38888,0,0,64.38888,"12,728",8195.416646,0,0,0,0
4559,De Soto Parish,LA,0,0,6,HURRICANE LAURA,2,4,2020,-93.7372,32.0554,9,0,0,0,137.4572515,56.08587227,61.7157725,154.0758265,219.0268013,273.9976927,350.113171,432.7141325,577.2521714,0.8469,26854,69.57114,0,0,69.57114,"10,689",7436.459155,0,0,0,0
4559,Red River Parish,LA,0,0,6,HURRICANE LAURA,2,4,2020,-93.3398,32.0931,9,0,0,0,137.8777034,53.73228707,48.00057658,144.9755069,209.7842553,263.3796179,338.1379101,418.3583005,561.0151669,0.8129,7619,73.73383,0,0,73.73383,"3,042",2242.983109,0,0,0,0
4559,Bienville Parish,LA,0,0,6,HURRICANE LAURA,2,4,2020,-93.0561,32.3473,7,2,0,0,153.659025,70.09363534,28.34231589,126.5275616,190.9469095,243.7369452,317.875858,397.4505806,540.0204424,0.9408,12899,69.44211,0,0,69.44211,"5,459",3790.844785,0,0,0,0
4559,Bossier Parish,LA,0,0,6,HURRICANE LAURA,2,4,2020,-93.6049,32.6784,8,1,0,0,173.758969,90.23302472,36.38855179,117.3796839,182.1061095,237.783201,314.8119748,399.9042877,547.2656001,0.6941,128615,66.09113,0,0,66.09113,"50,092",33106.36884,0,0,0,0
4559,Webster Parish,LA,0,0,6,HURRICANE LAURA,2,4,2020,-93.335,32.7135,8,1,0,0,175.1704558,91.00996383,22.6000005,109.6831657,174.6605495,229.4754053,305.6941912,389.2873527,535.5634937,0.9023,36864,64.92413,0,0,64.92413,"15,684",10182.70055,0,0,0,0
4559,Claiborne Parish,LA,0,0,6,HURRICANE LAURA,2,4,2020,-92.9958,32.8227,8,1,0,0,182.396552,98.78230624,5.029368989,98.0231042,162.680826,216.1960779,291.3089605,373.1909429,518.3676676,0.8043,14109,66.54927,0,0,66.54927,"5,498",3658.878865,0,0,0,0
4399,Bay County,FL,2363,2144,7,HURRICANE MICHAEL,2,5,2018,-85.6203,30.2652,7,0,0,2,17.12708007,12.09589973,94.0855622,196.4684009,304.8080562,427.9563426,546.0437142,677.8105077,910.9600314,0.6076,186240,63.63823,11.56,2,63.63823,"70,134",44632.03623,2363,2144,0.052944033,0.048037244
4399,Calhoun County,FL,372,281,7,HURRICANE MICHAEL,2,5,2018,-85.1972,30.406,7,0,0,2,29.04011529,16.254008,74.95348156,176.5508919,284.4502694,407.4984521,524.6775651,655.7818704,888.6774771,0.8401,14543,82.40316,0,2,82.40316,"4,784",3942.167174,372,281,0.094364339,0.071280589
4399,Franklin County,FL,78,52,7,HURRICANE MICHAEL,2,5,2018,-84.814,29.8764,7,0,2,0,36.50371841,36.17557374,98.95231269,194.3195958,299.4413336,421.3718344,535.0826191,663.1804465,894.5451779,0.8083,11676,76.24244,7.26,2,76.24244,"4,947",3771.713507,78,52,0.020680256,0.013786837
4399,Gadsden County,FL,234,62,7,HURRICANE MICHAEL,2,5,2018,-84.6136,30.5795,7,0,2,0,57.71681989,46.73097044,55.64947467,151.8211701,258.2328877,380.816082,496.414903,626.4026232,858.8466821,0.9901,45927,70.57386,0,2,70.57386,"16,806",11860.64291,234,62,0.019729116,0.005227373
4399,Gulf County,FL,268,353,7,HURRICANE MICHAEL,2,5,2018,-85.2266,29.9556,7,0,0,2,14.48606805,17.24177014,100.1549955,200.1469899,307.1789582,429.8977932,545.5848269,675.2756983,907.4503637,0.592,16146,72.44031,7.92,2,72.44031,"5,571",4035.64967,268,353,0.066408143,0.087470427
4399,Holmes County,FL,26,9,7,HURRICANE MICHAEL,2,5,2018,-85.8141,30.8679,7,1,1,0,54.65985397,45.52142604,77.53896598,176.9639729,285.0607141,407.784305,528.2351256,662.1845073,896.1467371,0.9347,19443,73.52005,0,1,73.52005,"7,282",5353.730041,26,9,0.004856427,0.001681071
4399,Jackson County,FL,666,364,7,HURRICANE MICHAEL,2,5,2018,-85.2155,30.7954,7,0,2,0,50.0438445,37.04975112,56.12258864,158.5184803,266.9466936,390.096134,508.6917158,641.0993918,874.560961,0.9583,48112,71.49058,0,2,71.49058,"17,083",12212.73578,666,364,0.054533236,0.029804952
4399,Leon County,FL,38,9,7,HURRICANE MICHAEL,2,5,2018,-84.2779,30.458,6,3,0,0,69.19627605,60.25874395,63.68299551,151.2249453,255.1454373,376.8089967,490.3911852,618.7968841,850.4772628,0.4943,291657,54.09181,0,0,54.09181,"121,085",65497.06814,38,9,0.000580179,0.000137411
4399,Liberty County,FL,64,27,7,HURRICANE MICHAEL,2,5,2018,-84.8829,30.2414,7,0,1,1,35.21987557,26.9782517,78.20475161,176.3461396,282.8929605,405.4651531,520.8577078,650.4806011,882.6841752,0.8334,8427,75.66942,0,2,75.66942,"2,491",1884.925252,64,27,0.033953601,0.014324175
4399,Taylor County,FL,5,2,7,HURRICANE MICHAEL,2,5,2018,-83.6035,30.047,7,2,0,0,98.75893219,93.87056079,98.86962523,166.8008655,262.2388644,380.1818158,488.1872402,612.1708983,841.386424,0.8984,21545,81.55334,8.543,0,81.55334,"8,138",6636.810809,5,2,0.000753374,0.00030135
4399,Wakulla County,FL,56,42,7,HURRICANE MICHAEL,2,5,2018,-84.4007,30.1673,6,1,2,0,58.06528448,51.96995589,80.28645862,169.8250523,273.4767652,394.9083287,507.8683301,635.5958252,866.8554437,0.4032,32413,79.48826,9.381,2,79.48826,"11,970",9514.744722,56,42,0.005885602,0.004414201
4399,Washington County,FL,144,47,7,HURRICANE MICHAEL,2,5,2018,-85.6653,30.6106,7,0,2,0,37.69891987,28.25966596,80.38050269,182.2670244,290.7453294,413.8170013,533.1273715,666.035353,899.6536579,0.8939,24793,76.49057,0,2,76.49057,"9,124",6978.999607,144,47,0.02063333,0.00673449
4400,Baker County,GA,14,10,7,HURRICANE MICHAEL,0,0,2018,-84.4447,31.3261,7,1,0,1,96.61408936,83.7791427,10.83314185,108.9645893,216.9762333,340.0842009,458.0138429,590.1851951,823.6321678,0.7424,3086,64.53202,0,1,63.27684,"1,187",751.0960908,14,10,0.018639426,0.013313876
4400,Calhoun County,GA,6,6,7,HURRICANE MICHAEL,0,0,2018,-84.6245,31.5292,7,1,1,0,102.458014,89.37265628,6.618103052,105.3209399,213.8069174,336.9075852,456.2485862,589.5756417,823.4133228,0.9774,6353,70.03447,0,1,65.40922,"1,671",1092.988066,6,6,0.005489538,0.005489538
4400,Clay County,GA,8,3,7,HURRICANE MICHAEL,0,0,2018,-84.9801,31.6263,7,1,1,0,101.3917845,88.44260394,25.73934111,114.791769,222.5837477,345.2189094,465.9181181,600.3345239,834.4530415,0.9309,2884,66.13881,0,1,66.32722,"1,250",829.09025,8,3,0.00964913,0.003618424
4400,Crisp County,GA,16,13,7,HURRICANE MICHAEL,0,0,2018,-83.7681,31.9229,8,1,0,0,146.0654004,133.3835287,45.2508303,60.1075232,167.3296434,290.3613052,408.1650029,540.6276052,774.2551331,0.9857,22617,56.44954,0,0,56.58047,"8,346",4722.206026,16,13,0.003388247,0.002752951
4400,Decatur County,GA,77,21,7,HURRICANE MICHAEL,0,0,2018,-84.579,30.8783,6,2,1,0,71.18404981,58.90847799,37.59712827,135.3054286,242.5233242,365.4058343,482.0572401,613.0178087,845.9356398,0.9455,26573,58.5732,0,1,55.02379,"11,466",6309.027761,77,21,0.012204733,0.003328564
4400,Dougherty County,GA,37,17,7,HURRICANE MICHAEL,0,0,2018,-84.2163,31.5334,8,0,0,1,113.5598207,100.7839201,14.67819975,92.05164051,199.9185548,323.0106933,440.921515,573.2027849,806.7165058,0.9513,89200,44.41148,0,1,44.41042,"35,252",15655.56126,37,17,0.002363377,0.001085876
4400,Early County,GA,34,16,7,HURRICANE MICHAEL,0,0,2018,-84.9037,31.3228,6,3,0,0,85.29657886,72.20842724,23.29273538,124.182508,232.6547411,355.7248546,475.1889464,608.5134947,842.3313487,0.9201,10286,63.97855,0,0,62.03822,"4,312",2675.088046,34,16,0.012709862,0.005981112
4400,Grady County,GA,15,7,7,HURRICANE MICHAEL,0,0,2018,-84.2344,30.8747,6,2,1,0,84.07668148,72.7200478,39.99827502,127.2350341,232.6115603,354.9352728,470.0988156,599.9644912,832.4220736,0.9258,24774,54.30858,0,1,60.2343,"10,316",6213.770388,15,7,0.002413993,0.00112653
4400,Laurens County,GA,6,6,7,HURRICANE MICHAEL,0,0,2018,-82.9222,32.4636,8,1,0,0,198.7263905,186.2949766,99.14407071,24.63455684,115.9808871,238.200317,354.6616253,486.7242733,720.3215899,0.8013,47336,61.20137,0,0,60.88963,"19,501",11874.08675,6,6,0.000505302,0.000505302
4400,Lee County,GA,28,13,7,HURRICANE MICHAEL,0,0,2018,-84.1411,31.7795,8,0,0,1,127.9068177,115.0069404,24.89623664,77.79293642,186.085566,309.2361365,427.8969262,560.8612404,794.6202287,0.3519,29751,74.10835,0,1,72.02444,"11,971",8622.045712,28,13,0.003247489,0.001507763
4400,Miller County,GA,36,16,7,HURRICANE MICHAEL,0,0,2018,-84.7308,31.164,6,3,0,0,80.5117178,67.49861249,23.42085215,125.5668242,233.8618424,357.0090372,475.3357755,607.7140691,841.210684,0.7799,5684,64.04908,0,0,65.10518,"2,537",1651.718417,36,16,0.021795483,0.009686881
4400,Mitchell County,GA,38,14,7,HURRICANE MICHAEL,0,0,2018,-84.1943,31.2253,7,1,0,1,99.95216603,87.65414003,22.78232942,107.3853322,214.0075124,336.7837856,453.2857508,584.3596015,817.3874341,0.9879,22135,64.91771,0,1,60.2794,"8,156",4916.387864,38,14,0.007729252,0.002847619
4400,Randolph County,GA,19,4,7,HURRICANE MICHAEL,0,0,2018,-84.7542,31.7626,8,0,1,0,112.738129,99.66648591,20.45894367,100.6476246,208.5433547,331.2650271,451.8199952,586.1765385,820.2895898,0.9739,6812,57.45589,0,1,53.08249,"2,690",1427.918981,19,4,0.013306077,0.002801279
4400,Seminole County,GA,85,44,7,HURRICANE MICHAEL,0,0,2018,-84.8688,30.9388,6,2,1,0,65.23291051,52.2394278,38.70273318,140.6383871,248.8149903,371.9431193,489.9066959,621.8918973,855.2176448,0.8344,8270,68.71449,0,1,65.20696,"3,798",2476.560341,85,44,0.034321796,0.017766577
4400,Sumter County,GA,11,3,7,HURRICANE MICHAEL,0,0,2018,-84.197,32.0399,8,0,1,0,139.8086835,126.7627078,35.96441711,68.17865051,176.5260983,299.5271974,419.4452854,553.4522399,787.5065667,0.9764,29796,56.57977,0,1,56.17349,"11,658",6548.705464,11,3,0.001679721,0.000458106
4400,Terrell County,GA,11,3,7,HURRICANE MICHAEL,0,0,2018,-84.437,31.777,8,0,0,1,120.0869825,107.0140848,16.96272041,87.9485071,196.3908647,319.4397137,439.1124251,572.8082971,806.7676884,0.957,8587,50.91812,0,1,50.26368,"3,664",1841.661235,11,3,0.005972868,0.001628964
4400,Thomas County,GA,5,5,7,HURRICANE MICHAEL,0,0,2018,-83.9193,30.8637,7,2,0,0,97.00587133,86.43723281,48.53360793,122.0705355,224.759739,346.2273767,459.8052567,588.5283061,820.4751236,0.9108,44334,62.80157,0,0,61.67676,"18,440",11373.19454,5,5,0.00043963,0.00043963
4400,Tift County,GA,7,3,7,HURRICANE MICHAEL,0,0,2018,-83.5266,31.4574,8,1,0,0,134.4490719,122.7501791,49.97451675,82.41264989,183.7453187,305.3392305,419.6872964,549.4563312,782.0209347,0.8809,40542,56.42241,0,0,57.6459,"15,921",9177.803739,7,3,0.00076271,0.000326876
4400,Turner County,GA,18,1,7,HURRICANE MICHAEL,0,0,2018,-83.6241,31.7164,8,1,0,0,141.4914094,129.2017633,46.6964397,68.62184986,173.1015142,295.5882192,411.7368886,542.9310636,776.1008751,0.9809,7908,66.86275,0,0,65.94232,"3,512",2315.894278,18,1,0.007772376,0.000431799
4400,Worth County,GA,28,16,7,HURRICANE MICHAEL,0,0,2018,-83.8509,31.5515,8,0,1,0,126.3158058,113.9771624,33.40820896,82.04314747,187.8265202,310.4982709,426.9360728,558.1973999,791.3584929,0.7357,20302,67.77552,0,1,65.01781,"8,183",5320.407392,28,16,0.005262755,0.003007289
4400,Brantley County,GA,0,0,7,HURRICANE MICHAEL,0,0,2018,-81.9819,31.1969,7,2,0,0,195.7502046,186.5777204,130.564347,114.6539645,175.1180874,282.7702231,383.7660786,504.6797443,732.9639584,0.6229,18985,78.08496,0,0,79.74362,"6,915",5514.271323,0,0,0,0
4400,Colquitt County,GA,0,0,7,HURRICANE MICHAEL,0,0,2018,-83.7688,31.1884,8,1,0,0,114.5892173,103.1605864,41.95859653,101.1371827,203.9712579,325.711673,440.0287122,569.5405964,801.9259565,0.9812,45455,59.19499,0,0,60.78444,"17,172",10437.90404,0,0,0,0
4400,Dooly County,GA,0,0,7,HURRICANE MICHAEL,0,0,2018,-83.7988,32.1572,8,1,0,0,156.4962682,143.6226235,53.32907969,49.15032869,157.4993614,280.6504013,399.6519902,533.0834345,767.0106642,0.9484,13709,64.32009,0,0,63.97363,"4,047",2589.012806,0,0,0,0
4400,Houston County,GA,0,0,7,HURRICANE MICHAEL,0,0,2018,-83.6662,32.459,9,0,0,0,175.3284554,162.3899042,71.63864169,31.26451991,139.6336982,262.6866289,382.5399345,516.7324684,750.8552897,0.5669,155523,63.59278,0,0,64.10772,"62,115",39820.51028,0,0,0,0
4400,Pulaski County,GA,0,0,7,HURRICANE MICHAEL,0,0,2018,-83.476,32.2323,9,0,0,0,169.885458,157.2017383,68.35141724,36.88715465,143.5104697,266.5432388,384.55358,517.3780163,751.1539296,0.8459,11080,59.51487,0,0,60.74066,"3,595",2183.626727,0,0,0,0
4400,Wilcox County,GA,0,0,7,HURRICANE MICHAEL,0,0,2018,-83.4323,31.9729,9,0,0,0,159.4472184,147.0466303,61.55180806,51.10509682,154.8372622,277.3785533,393.8658398,525.4954719,758.8658997,0.8169,8827,71.01556,0,0,74.32513,"2,811",2089.279404,0,0,0,0
4400,Ben Hill County,GA,0,0,7,HURRICANE MICHAEL,0,0,2018,-83.2205,31.7598,9,0,0,0,158.1927054,146.3295605,67.33356344,62.54607634,160.2493,281.4921813,395.6925523,525.6543757,758.3776541,0.8726,16822,63.37247,0,0,61.03155,"7,074",4317.371847,0,0,0,0
4400,Dodge County,GA,0,0,7,HURRICANE MICHAEL,0,0,2018,-83.1684,32.1722,8,1,0,0,177.3747392,165.0131118,79.11251725,37.77768588,137.4643067,259.7219471,375.8920909,507.4970892,740.8985937,0.9223,20793,67.58152,0,0,66.00902,"7,507",4955.297131,0,0,0,0
4400,Bleckley County,GA,0,0,7,HURRICANE MICHAEL,0,0,2018,-83.3279,32.4344,9,0,0,0,184.0884444,171.3722986,82.03279445,22.91443358,129.3156653,252.3954735,370.7573407,503.9605194,737.861248,0.7395,12821,74.55254,0,0,74.57102,"4,547",3390.744279,0,0,0,0
4400,Jefferson County,GA,0,0,7,HURRICANE MICHAEL,0,0,2018,-82.4182,33.0549,8,1,0,0,242.19744,229.668139,141.1894279,42.3234877,72.40083811,194.4772272,311.6637202,444.7582131,678.7144867,0.9439,15424,63.6647,0,0,65.26848,"6,170",4027.065216,0,0,0,0
4563,Baldwin County,AL,1171,778,8,HURRICANE SALLY,1,2,2020,-87.7226,30.7276,6,1,1,1,25.7341829,15.08229166,35.04087866,74.28532812,117.2093993,171.2624094,249.2104919,328.5735702,405.5008358,0.3552,233140,78.99738,0,2,65.26848,"6,170",4027.065216,1171,778,0.290782477,0.193192799
4563,Escambia County,AL,197,98,8,HURRICANE SALLY,1,2,2020,-87.1615,31.1262,6,0,3,0,56.9382357,43.93133462,2.531436396,37.04978847,79.8816291,133.7190683,211.6693634,291.1905596,368.3276676,0.8924,36665,65.86841,0,3,65.26848,"6,170",4027.065216,197,98,0.048918999,0.02433534
4563,Mobile County,AL,2268,1124,8,HURRICANE SALLY,1,2,2020,-88.2058,30.7872,7,2,0,0,39.29157256,35.77724787,55.16686002,91.56791223,133.7694519,188.45365,267.3661994,347.540767,425.1002096,0.8116,414250,65.97787,0,0,65.26848,"6,170",4027.065216,2268,1124,0.56318929,0.279111447
4564,Bay County,FL,25,44,8,HURRICANE SALLY,1,2,2020,-85.6203,30.2652,6,3,0,0,107.9905951,103.6396352,95.86279868,97.67200212,113.0343663,142.0151684,199.4766231,267.0033809,336.5308346,0.7339,174461,67.39341,0,0,67.39341,"70,134",47265.69417,25,44,0.000528925,0.000930908
4564,Escambia County,FL,1140,681,8,HURRICANE SALLY,1,2,2020,-87.363,30.669,6,1,0,2,28.23115242,15.92781037,27.2425871,65.55070324,107.7175529,160.4155955,237.0381206,315.47809,391.7474211,0.7642,322424,64.145,0,2,64.145,"128,160",82208.232,1140,681,0.013867224,0.008283842
4564,Okaloosa County,FL,45,33,8,HURRICANE SALLY,1,2,2020,-86.5917,30.6913,5,2,2,0,62.04662101,53.43236679,39.85682089,54.91500029,88.37053048,135.057465,207.420261,283.4842979,358.2757685,0.5449,211809,66.77727,0,2,66.77727,"83,957",56064.19257,45,33,0.000802651,0.000588611
4564,Santa Rosa County,FL,207,150,8,HURRICANE SALLY,1,2,2020,-87.0219,30.7004,6,0,3,0,42.58331357,32.25056114,25.72107443,56.56349268,96.53050716,147.4280324,222.678208,300.3147065,376.0726307,0.5038,189133,77.14747,0,3,77.14747,"69,454",53582.00381,207,150,0.003863237,0.002799447
4564,Walton County,FL,22,18,8,HURRICANE SALLY,1,2,2020,-86.1696,30.6436,5,4,0,0,81.94578618,74.54337115,59.83334851,63.65005691,87.63241825,127.6629574,195.5413914,269.2930237,342.7183796,0.7253,75855,74.68625,0,0,74.68625,"29,981",22391.68461,22,18,0.000982508,0.00080387
