Date, source  https://crudata.uea.ac.uk/cru/data/nao/  missing value -10 https://psl.noaa.gov/data/timeseries/month/
1821-01-01, 1004.500
1821-02-01, 1012.300
1821-03-01, 1002.800
1821-04-01, 1013.100
1821-05-01, 1018.600
1821-06-01,-9999.000
1821-07-01, 1015.800
1821-08-01, 1010.700
1821-09-01,-9999.000
1821-10-01,-9999.000
1821-11-01,-9999.000
1821-12-01,-9999.000
1822-01-01,-9999.000
1822-02-01,-9999.000
1822-03-01,  988.400
1822-04-01, 1016.000
1822-05-01, 1003.000
1822-06-01, 1014.300
1822-07-01, 1019.500
1822-08-01, 1009.700
1822-09-01, 1008.700
1822-10-01, 1006.100
1822-11-01, 1007.500
1822-12-01,  997.200
1823-01-01, 1017.500
1823-02-01,  996.800
1823-03-01,  995.200
1823-04-01, 1016.600
1823-05-01, 1012.700
1823-06-01, 1013.800
1823-07-01, 1012.300
1823-08-01, 1006.900
1823-09-01, 1004.000
1823-10-01, 1010.000
1823-11-01, 1006.100
1823-12-01,  996.900
1824-01-01,  995.700
1824-02-01,  999.500
1824-03-01, 1015.800
1824-04-01, 1006.700
1824-05-01, 1008.200
1824-06-01, 1025.400
1824-07-01, 1021.900
1824-08-01, 1014.700
1824-09-01, 1004.900
1824-10-01, 1015.800
1824-11-01, 1006.300
1824-12-01,  996.400
1825-01-01,  997.800
1825-02-01, 1001.400
1825-03-01, 1003.900
1825-04-01, 1015.100
1825-05-01, 1019.800
1825-06-01, 1011.200
1825-07-01, 1015.800
1825-08-01, 1007.100
1825-09-01, 1009.800
1825-10-01,  997.100
1825-11-01, 1001.800
1825-12-01,  996.000
1826-01-01, 1008.600
1826-02-01,  980.700
1826-03-01, 1008.300
1826-04-01, 1003.700
1826-05-01, 1011.300
1826-06-01, 1009.900
1826-07-01, 1004.300
1826-08-01, 1002.900
1826-09-01, 1008.900
1826-10-01,  997.400
1826-11-01, 1009.900
1826-12-01, 1002.000
1827-01-01, 1002.600
1827-02-01, 1021.400
1827-03-01,  999.300
1827-04-01, 1011.200
1827-05-01, 1003.300
1827-06-01, 1004.100
1827-07-01, 1009.000
1827-08-01, 1015.700
1827-09-01, 1002.600
1827-10-01, 1010.100
1827-11-01, 1007.900
1827-12-01,  986.300
1828-01-01,  998.000
1828-02-01,  995.400
1828-03-01, 1007.500
1828-04-01, 1007.000
1828-05-01, 1011.800
1828-06-01, 1009.100
1828-07-01, 1010.400
1828-08-01, 1009.700
1828-09-01, 1010.400
1828-10-01, 1000.300
1828-11-01, 1005.700
1828-12-01,  983.400
1829-01-01, 1007.300
1829-02-01, 1006.200
1829-03-01, 1015.100
1829-04-01, 1010.600
1829-05-01, 1007.300
1829-06-01, 1014.000
1829-07-01, 1008.000
1829-08-01, 1012.700
1829-09-01, 1006.600
1829-10-01, 1007.500
1829-11-01, 1005.000
1829-12-01, 1000.700
1830-01-01, 1010.300
1830-02-01,  999.600
1830-03-01,  992.900
1830-04-01, 1002.300
1830-05-01, 1011.000
1830-06-01, 1011.500
1830-07-01, 1004.800
1830-08-01, 1011.000
1830-09-01,  995.800
1830-10-01, 1000.900
1830-11-01,  993.300
1830-12-01, 1010.000
1831-01-01, 1012.600
1831-02-01, 1003.400
1831-03-01,  993.200
1831-04-01, 1008.400
1831-05-01, 1016.300
1831-06-01, 1009.600
1831-07-01, 1003.700
1831-08-01, 1007.500
1831-09-01, 1000.100
1831-10-01,  995.600
1831-11-01, 1007.200
1831-12-01,  993.500
1832-01-01,  995.400
1832-02-01,  987.600
1832-03-01,  988.000
1832-04-01, 1010.200
1832-05-01, 1020.400
1832-06-01, 1013.500
1832-07-01, 1018.900
1832-08-01, 1012.600
1832-09-01, 1006.100
1832-10-01,  994.200
1832-11-01,  994.800
1832-12-01,  986.600
1833-01-01, 1006.500
1833-02-01,  995.300
1833-03-01, 1015.500
1833-04-01, 1001.300
1833-05-01, 1006.500
1833-06-01, 1013.400
1833-07-01, 1014.400
1833-08-01, 1013.600
1833-09-01, 1003.500
1833-10-01, 1001.200
1833-11-01,  994.200
1833-12-01,  989.200
1834-01-01,  990.800
1834-02-01,  991.000
1834-03-01,  999.200
1834-04-01, 1018.800
1834-05-01, 1014.800
1834-06-01, 1009.000
1834-07-01, 1010.400
1834-08-01, 1009.200
1834-09-01, 1013.600
1834-10-01, 1002.000
1834-11-01, 1006.700
1834-12-01, 1005.000
1835-01-01, 1006.300
1835-02-01,  991.200
1835-03-01,  999.500
1835-04-01, 1014.600
1835-05-01, 1011.600
1835-06-01, 1008.500
1835-07-01, 1009.500
1835-08-01, 1004.100
1835-09-01,  996.900
1835-10-01, 1003.700
1835-11-01, 1006.900
1835-12-01, 1006.500
1836-01-01,  993.700
1836-02-01, 1002.200
1836-03-01,  990.600
1836-04-01, 1001.100
1836-05-01, 1015.000
1836-06-01, 1006.200
1836-07-01, 1002.600
1836-08-01, 1001.100
1836-09-01, 1012.800
1836-10-01, 1006.800
1836-11-01,  995.500
1836-12-01, 1009.700
1837-01-01, 1012.100
1837-02-01,  986.200
1837-03-01, 1020.500
1837-04-01, 1014.000
1837-05-01, 1016.000
1837-06-01, 1014.100
1837-07-01, 1013.100
1837-08-01, 1012.900
1837-09-01, 1001.900
1837-10-01,  997.300
1837-11-01,  999.600
1837-12-01,  997.000
1838-01-01, 1005.100
1838-02-01, 1010.800
1838-03-01, 1003.600
1838-04-01, 1011.900
1838-05-01, 1018.200
1838-06-01, 1008.300
1838-07-01, 1012.100
1838-08-01, 1012.600
1838-09-01,  999.400
1838-10-01, 1001.700
1838-11-01, 1015.000
1838-12-01,  988.500
1839-01-01, 1003.600
1839-02-01,  986.600
1839-03-01, 1002.000
1839-04-01, 1003.000
1839-05-01, 1013.500
1839-06-01, 1012.400
1839-07-01, 1010.300
1839-08-01, 1010.100
1839-09-01, 1003.800
1839-10-01, 1003.000
1839-11-01, 1011.100
1839-12-01, 1008.200
1840-01-01,  996.500
1840-02-01, 1006.300
1840-03-01, 1025.700
1840-04-01, 1004.600
1840-05-01, 1022.900
1840-06-01, 1011.600
1840-07-01, 1006.200
1840-08-01, 1004.700
1840-09-01, 1004.100
1840-10-01, 1011.600
1840-11-01, 1003.500
1840-12-01, 1008.400
1841-01-01, 1015.800
1841-02-01, 1004.600
1841-03-01,  995.900
1841-04-01, 1000.800
1841-05-01, 1006.500
1841-06-01, 1014.100
1841-07-01, 1013.800
1841-08-01, 1005.900
1841-09-01, 1016.100
1841-10-01, 1010.800
1841-11-01, 1010.000
1841-12-01, 1002.400
1842-01-01,  992.900
1842-02-01,  981.100
1842-03-01,  991.600
1842-04-01, 1013.000
1842-05-01, 1007.700
1842-06-01, 1011.900
1842-07-01, 1012.900
1842-08-01,  999.200
1842-09-01, 1009.400
1842-10-01, 1015.500
1842-11-01, 1011.900
1842-12-01,  987.500
1843-01-01,  990.100
1843-02-01, 1016.300
1843-03-01, 1011.300
1843-04-01, 1007.300
1843-05-01, 1020.800
1843-06-01, 1015.000
1843-07-01, 1006.900
1843-08-01, 1002.200
1843-09-01, 1011.200
1843-10-01, 1012.000
1843-11-01,  993.100
1843-12-01,  994.800
1844-01-01, 1004.400
1844-02-01, 1005.600
1844-03-01,  997.700
1844-04-01,  995.700
1844-05-01, 1017.500
1844-06-01, 1014.500
1844-07-01, 1012.600
1844-08-01, 1011.200
1844-09-01, 1009.000
1844-10-01, 1002.700
1844-11-01, 1002.600
1844-12-01, 1005.800
1845-01-01,  991.800
1845-02-01, 1002.400
1845-03-01, 1009.500
1845-04-01, 1009.400
1845-05-01, 1014.500
1845-06-01, 1005.000
1845-07-01, 1014.500
1845-08-01, 1013.100
1845-09-01, 1005.100
1845-10-01, 1000.600
1845-11-01,  994.800
1845-12-01,  997.600
1846-01-01,  991.700
1846-02-01, 1004.600
1846-03-01, 1001.700
1846-04-01, 1014.200
1846-05-01, 1005.600
1846-06-01, 1005.500
1846-07-01, 1002.300
1846-08-01, 1008.900
1846-09-01, 1007.800
1846-10-01,  998.500
1846-11-01, 1005.300
1846-12-01, 1012.900
1847-01-01,  998.300
1847-02-01, 1005.700
1847-03-01, 1014.000
1847-04-01, 1005.400
1847-05-01, 1007.500
1847-06-01, 1006.800
1847-07-01, 1008.400
1847-08-01, 1007.700
1847-09-01, 1009.100
1847-10-01, 1003.500
1847-11-01,  991.500
1847-12-01,  986.200
1848-01-01,  997.300
1848-02-01,  999.300
1848-03-01,  996.200
1848-04-01, 1013.900
1848-05-01, 1006.100
1848-06-01, 1015.600
1848-07-01, 1010.500
1848-08-01, 1004.300
1848-09-01, 1005.300
1848-10-01, 1013.300
1848-11-01, 1009.900
1848-12-01,  991.100
1849-01-01,  990.500
1849-02-01,  999.000
1849-03-01, 1005.200
1849-04-01, 1011.200
1849-05-01, 1013.200
1849-06-01, 1015.800
1849-07-01, 1007.700
1849-08-01, 1011.400
1849-09-01, 1014.500
1849-10-01, 1005.300
1849-11-01, 1000.600
1849-12-01, 1012.200
1850-01-01, 1007.900
1850-02-01,  989.600
1850-03-01, 1016.500
1850-04-01, 1009.300
1850-05-01, 1014.300
1850-06-01, 1007.300
1850-07-01, 1011.400
1850-08-01, 1010.900
1850-09-01, 1011.100
1850-10-01, 1010.200
1850-11-01,  999.000
1850-12-01,  991.300
1851-01-01,  981.200
1851-02-01,  996.200
1851-03-01, 1004.900
1851-04-01, 1015.000
1851-05-01, 1011.900
1851-06-01, 1013.400
1851-07-01, 1013.500
1851-08-01, 1010.700
1851-09-01, 1010.000
1851-10-01, 1002.600
1851-11-01, 1017.600
1851-12-01, 1001.000
1852-01-01,  986.300
1852-02-01, 1004.100
1852-03-01, 1017.300
1852-04-01, 1015.900
1852-05-01, 1010.200
1852-06-01, 1010.500
1852-07-01, 1009.500
1852-08-01, 1006.000
1852-09-01, 1013.500
1852-10-01, 1011.900
1852-11-01, 1005.800
1852-12-01,  998.600
1853-01-01,  988.100
1853-02-01, 1019.900
1853-03-01, 1010.100
1853-04-01, 1009.700
1853-05-01, 1016.500
1853-06-01, 1008.100
1853-07-01, 1005.700
1853-08-01, 1014.100
1853-09-01, 1002.400
1853-10-01, 1004.500
1853-11-01,  992.300
1853-12-01, 1014.900
1854-01-01,  989.300
1854-02-01,  999.900
1854-03-01, 1000.600
1854-04-01, 1009.900
1854-05-01, 1009.700
1854-06-01, 1011.100
1854-07-01, 1014.200
1854-08-01, 1006.500
1854-09-01, 1002.400
1854-10-01,  999.600
1854-11-01, 1008.300
1854-12-01,  993.900
1855-01-01, 1017.500
1855-02-01, 1021.200
1855-03-01, 1002.700
1855-04-01, 1005.500
1855-05-01, 1018.500
1855-06-01, 1010.500
1855-07-01, 1010.100
1855-08-01, 1009.300
1855-09-01, 1005.200
1855-10-01, 1005.700
1855-11-01, 1007.600
1855-12-01, 1004.700
1856-01-01, 1003.800
1856-02-01, 1008.000
1856-03-01, 1017.100
1856-04-01, 1007.400
1856-05-01, 1017.900
1856-06-01, 1006.700
1856-07-01, 1010.700
1856-08-01, 1013.200
1856-09-01, 1009.500
1856-10-01, 1004.600
1856-11-01, 1017.100
1856-12-01, 1004.800
1857-01-01, 1003.500
1857-02-01,  984.400
1857-03-01, 1000.200
1857-04-01, 1011.300
1857-05-01, 1012.500
1857-06-01, 1016.100
1857-07-01, 1003.600
1857-08-01, 1007.300
1857-09-01, 1009.000
1857-10-01, 1001.600
1857-11-01, 1007.900
1857-12-01,  991.300
1858-01-01,  992.000
1858-02-01, 1001.800
1858-03-01, 1012.500
1858-04-01, 1009.300
1858-05-01, 1012.700
1858-06-01, 1007.900
1858-07-01, 1011.100
1858-08-01, 1006.200
1858-09-01,  998.000
1858-10-01, 1008.200
1858-11-01, 1013.400
1858-12-01,  986.500
1859-01-01,  993.400
1859-02-01,  993.800
1859-03-01, 1004.700
1859-04-01, 1018.500
1859-05-01, 1006.500
1859-06-01, 1011.100
1859-07-01, 1008.700
1859-08-01, 1002.000
1859-09-01, 1006.600
1859-10-01, 1015.000
1859-11-01, 1005.500
1859-12-01, 1006.300
1860-01-01,  993.000
1860-02-01, 1002.600
1860-03-01, 1001.800
1860-04-01, 1009.000
1860-05-01, 1018.300
1860-06-01, 1015.000
1860-07-01, 1010.300
1860-08-01, 1006.900
1860-09-01, 1007.000
1860-10-01,  996.100
1860-11-01, 1017.700
1860-12-01, 1009.500
1861-01-01, 1003.100
1861-02-01,  998.000
1861-03-01,  993.800
1861-04-01, 1016.100
1861-05-01, 1014.000
1861-06-01, 1011.100
1861-07-01, 1002.800
1861-08-01, 1006.100
1861-09-01, 1008.000
1861-10-01,  999.400
1861-11-01, 1009.800
1861-12-01, 1001.600
1862-01-01,  992.600
1862-02-01, 1011.400
1862-03-01, 1014.100
1862-04-01, 1007.900
1862-05-01, 1004.300
1862-06-01, 1003.100
1862-07-01, 1011.500
1862-08-01, 1008.000
1862-09-01, 1004.400
1862-10-01,  989.000
1862-11-01, 1001.100
1862-12-01,  991.300
1863-01-01,  992.600
1863-02-01,  990.000
1863-03-01,  996.700
1863-04-01,  996.600
1863-05-01, 1014.100
1863-06-01, 1008.100
1863-07-01, 1011.200
1863-08-01, 1012.200
1863-09-01,  997.800
1863-10-01,  999.600
1863-11-01,  998.300
1863-12-01,  994.800
1864-01-01,  989.200
1864-02-01, 1002.100
1864-03-01, 1007.400
1864-04-01, 1007.100
1864-05-01, 1016.000
1864-06-01, 1006.600
1864-07-01, 1005.500
1864-08-01, 1013.600
1864-09-01, 1005.000
1864-10-01, 1018.500
1864-11-01,  999.500
1864-12-01,  999.500
1865-01-01,  996.300
1865-02-01, 1009.400
1865-03-01, 1009.400
1865-04-01, 1007.400
1865-05-01, 1009.200
1865-06-01, 1009.500
1865-07-01, 1010.400
1865-08-01, 1009.800
1865-09-01,  999.500
1865-10-01, 1013.200
1865-11-01, 1003.700
1865-12-01,  990.900
1866-01-01,  994.000
1866-02-01, 1000.400
1866-03-01, 1011.400
1866-04-01, 1013.500
1866-05-01, 1015.600
1866-06-01, 1006.500
1866-07-01, 1011.000
1866-08-01, 1008.100
1866-09-01, 1000.000
1866-10-01, 1002.600
1866-11-01, 1002.700
1866-12-01,  995.100
1867-01-01, 1014.400
1867-02-01,  995.200
1867-03-01, 1019.900
1867-04-01, 1005.100
1867-05-01, 1021.700
1867-06-01, 1012.900
1867-07-01, 1015.100
1867-08-01, 1002.800
1867-09-01, 1003.600
1867-10-01,  999.000
1867-11-01, 1014.700
1867-12-01, 1000.400
1868-01-01,  995.900
1868-02-01,  988.100
1868-03-01,  991.000
1868-04-01, 1003.800
1868-05-01, 1004.100
1868-06-01, 1002.500
1868-07-01, 1005.800
1868-08-01, 1007.300
1868-09-01, 1013.800
1868-10-01,  994.800
1868-11-01, 1011.300
1868-12-01,  990.900
1869-01-01,  984.600
1869-02-01,  990.800
1869-03-01, 1015.100
1869-04-01, 1008.700
1869-05-01, 1019.700
1869-06-01, 1013.700
1869-07-01, 1009.100
1869-08-01, 1013.400
1869-09-01, 1006.000
1869-10-01, 1011.600
1869-11-01, 1003.300
1869-12-01, 1001.500
1870-01-01,  998.800
1870-02-01, 1010.600
1870-03-01, 1014.300
1870-04-01, 1003.000
1870-05-01, 1008.700
1870-06-01, 1010.600
1870-07-01, 1007.200
1870-08-01, 1015.600
1870-09-01, 1004.000
1870-10-01, 1001.700
1870-11-01, 1011.800
1870-12-01, 1015.100
1871-01-01,  993.600
1871-02-01, 1003.200
1871-03-01,  999.300
1871-04-01, 1016.200
1871-05-01, 1014.800
1871-06-01, 1016.700
1871-07-01, 1006.200
1871-08-01, 1005.000
1871-09-01, 1012.200
1871-10-01, 1002.400
1871-11-01, 1018.100
1871-12-01,  998.800
1872-01-01,  991.100
1872-02-01, 1001.300
1872-03-01, 1007.300
1872-04-01, 1011.700
1872-05-01, 1013.500
1872-06-01, 1009.100
1872-07-01, 1013.200
1872-08-01, 1014.500
1872-09-01, 1011.000
1872-10-01, 1002.800
1872-11-01, 1001.800
1872-12-01, 1002.800
1873-01-01,  987.200
1873-02-01, 1011.200
1873-03-01,  999.000
1873-04-01, 1016.500
1873-05-01, 1017.500
1873-06-01, 1005.800
1873-07-01, 1008.700
1873-08-01, 1004.000
1873-09-01, 1010.700
1873-10-01, 1001.000
1873-11-01, 1012.200
1873-12-01,  994.800
1874-01-01,  989.500
1874-02-01,  996.200
1874-03-01, 1003.400
1874-04-01,  999.900
1874-05-01, 1016.100
1874-06-01, 1013.900
1874-07-01, 1006.200
1874-08-01, 1006.400
1874-09-01, 1001.900
1874-10-01,  995.800
1874-11-01, 1003.900
1874-12-01, 1010.100
1875-01-01,  999.900
1875-02-01, 1010.800
1875-03-01, 1008.500
1875-04-01, 1013.100
1875-05-01, 1000.900
1875-06-01, 1003.500
1875-07-01, 1013.900
1875-08-01, 1008.500
1875-09-01, 1007.200
1875-10-01, 1004.200
1875-11-01, 1017.500
1875-12-01,  995.500
1876-01-01,  993.400
1876-02-01, 1004.800
1876-03-01, 1005.400
1876-04-01, 1017.500
1876-05-01, 1014.300
1876-06-01, 1002.900
1876-07-01, 1001.400
1876-08-01, 1007.300
1876-09-01, 1015.400
1876-10-01, 1006.400
1876-11-01, 1012.700
1876-12-01, 1000.800
1877-01-01,  989.000
1877-02-01,  999.600
1877-03-01, 1005.900
1877-04-01, 1016.600
1877-05-01, 1018.300
1877-06-01, 1008.600
1877-07-01, 1007.800
1877-08-01, 1016.600
1877-09-01, 1013.100
1877-10-01, 1000.800
1877-11-01,  993.000
1877-12-01,  990.800
1878-01-01, 1005.100
1878-02-01, 1002.400
1878-03-01, 1011.100
1878-04-01, 1010.600
1878-05-01, 1009.200
1878-06-01, 1012.300
1878-07-01, 1008.600
1878-08-01, 1012.500
1878-09-01, 1001.800
1878-10-01, 1007.000
1878-11-01, 1019.400
1878-12-01, 1019.900
1879-01-01, 1006.000
1879-02-01,  999.400
1879-03-01, 1003.400
1879-04-01, 1011.400
1879-05-01, 1010.100
1879-06-01, 1009.700
1879-07-01, 1012.000
1879-08-01, 1008.100
1879-09-01,  996.000
1879-10-01, 1008.600
1879-11-01, 1015.800
1879-12-01,  998.000
1880-01-01, 1002.300
1880-02-01,  990.200
1880-03-01, 1006.100
1880-04-01, 1004.700
1880-05-01, 1013.700
1880-06-01, 1012.600
1880-07-01, 1014.600
1880-08-01, 1007.400
1880-09-01, 1006.800
1880-10-01, 1023.200
1880-11-01, 1000.900
1880-12-01, 1010.800
1881-01-01, 1021.900
1881-02-01, 1012.000
1881-03-01, 1007.500
1881-04-01, 1013.300
1881-05-01, 1012.300
1881-06-01, 1008.100
1881-07-01, 1005.900
1881-08-01, 1010.000
1881-09-01, 1008.300
1881-10-01, 1010.200
1881-11-01,  990.300
1881-12-01,  987.300
1882-01-01,  993.200
1882-02-01,  999.400
1882-03-01,  991.800
1882-04-01, 1016.900
1882-05-01, 1014.900
1882-06-01, 1014.600
1882-07-01, 1004.400
1882-08-01, 1008.900
1882-09-01, 1003.500
1882-10-01, 1001.300
1882-11-01, 1001.000
1882-12-01, 1008.300
1883-01-01,  989.400
1883-02-01,  984.800
1883-03-01, 1019.800
1883-04-01, 1003.400
1883-05-01, 1012.900
1883-06-01, 1013.500
1883-07-01, 1013.500
1883-08-01, 1005.800
1883-09-01, 1007.600
1883-10-01,  995.700
1883-11-01,  994.500
1883-12-01,  997.500
1884-01-01,  994.000
1884-02-01,  992.600
1884-03-01,  997.300
1884-04-01, 1011.300
1884-05-01, 1012.500
1884-06-01, 1007.700
1884-07-01, 1013.500
1884-08-01, 1002.400
1884-09-01, 1001.400
1884-10-01, 1002.800
1884-11-01, 1008.500
1884-12-01,  988.900
1885-01-01,  997.400
1885-02-01, 1006.900
1885-03-01, 1007.400
1885-04-01, 1007.500
1885-05-01, 1016.700
1885-06-01, 1006.100
1885-07-01, 1009.000
1885-08-01, 1017.800
1885-09-01, 1001.000
1885-10-01, 1009.800
1885-11-01, 1002.900
1885-12-01, 1003.500
1886-01-01, 1003.200
1886-02-01, 1006.200
1886-03-01, 1006.600
1886-04-01, 1010.300
1886-05-01, 1018.100
1886-06-01, 1006.500
1886-07-01, 1008.300
1886-08-01, 1000.000
1886-09-01, 1007.400
1886-10-01, 1002.000
1886-11-01,  998.200
1886-12-01, 1001.300
1887-01-01,  984.800
1887-02-01,  996.100
1887-03-01, 1009.800
1887-04-01, 1016.700
1887-05-01, 1012.400
1887-06-01, 1012.600
1887-07-01, 1009.000
1887-08-01, 1012.200
1887-09-01, 1010.700
1887-10-01, 1012.000
1887-11-01, 1010.300
1887-12-01, 1007.500
1888-01-01, 1010.300
1888-02-01, 1012.800
1888-03-01, 1013.100
1888-04-01, 1017.300
1888-05-01, 1016.400
1888-06-01, 1014.100
1888-07-01, 1014.400
1888-08-01, 1011.000
1888-09-01, 1008.200
1888-10-01, 1013.400
1888-11-01,  993.700
1888-12-01,  988.400
1889-01-01,  998.000
1889-02-01, 1013.300
1889-03-01, 1009.300
1889-04-01, 1008.700
1889-05-01, 1007.200
1889-06-01, 1005.300
1889-07-01, 1016.200
1889-08-01, 1005.200
1889-09-01, 1011.100
1889-10-01, 1004.500
1889-11-01,  998.700
1889-12-01,  988.900
1890-01-01,  982.000
1890-02-01, 1007.500
1890-03-01,  996.800
1890-04-01, 1005.900
1890-05-01, 1013.000
1890-06-01, 1009.500
1890-07-01, 1008.600
1890-08-01, 1007.000
1890-09-01, 1001.200
1890-10-01, 1006.000
1890-11-01,  994.400
1890-12-01, 1003.400
1891-01-01, 1002.800
1891-02-01,  995.500
1891-03-01, 1010.900
1891-04-01, 1014.400
1891-05-01, 1016.500
1891-06-01, 1018.700
1891-07-01, 1010.200
1891-08-01, 1009.500
1891-09-01, 1000.400
1891-10-01,  994.000
1891-11-01, 1003.700
1891-12-01,  991.000
1892-01-01,  999.800
1892-02-01, 1015.000
1892-03-01, 1010.700
1892-04-01, 1012.100
1892-05-01, 1019.600
1892-06-01, 1015.100
1892-07-01, 1010.900
1892-08-01, 1010.300
1892-09-01,  997.800
1892-10-01, 1015.200
1892-11-01, 1001.700
1892-12-01, 1005.100
1893-01-01, 1013.200
1893-02-01,  995.600
1893-03-01, 1003.500
1893-04-01, 1010.500
1893-05-01, 1013.600
1893-06-01, 1013.100
1893-07-01, 1012.700
1893-08-01, 1012.900
1893-09-01, 1005.900
1893-10-01, 1005.500
1893-11-01, 1016.100
1893-12-01,  990.300
1894-01-01,  993.200
1894-02-01,  982.700
1894-03-01,  994.800
1894-04-01, 1006.100
1894-05-01, 1019.200
1894-06-01, 1005.300
1894-07-01, 1011.100
1894-08-01, 1011.500
1894-09-01, 1019.200
1894-10-01, 1011.500
1894-11-01,  989.600
1894-12-01, 1000.100
1895-01-01, 1013.600
1895-02-01, 1021.600
1895-03-01, 1002.100
1895-04-01, 1010.000
1895-05-01, 1012.800
1895-06-01, 1014.400
1895-07-01, 1009.100
1895-08-01, 1010.000
1895-09-01, 1003.500
1895-10-01, 1012.400
1895-11-01,  999.500
1895-12-01,  999.500
1896-01-01, 1008.800
1896-02-01,  995.700
1896-03-01,  997.300
1896-04-01, 1006.700
1896-05-01, 1016.500
1896-06-01, 1013.500
1896-07-01, 1007.600
1896-08-01, 1015.100
1896-09-01, 1006.100
1896-10-01, 1016.900
1896-11-01, 1005.300
1896-12-01,  991.100
1897-01-01, 1012.400
1897-02-01,  997.700
1897-03-01, 1000.900
1897-04-01,  997.600
1897-05-01, 1011.600
1897-06-01, 1018.100
1897-07-01, 1008.900
1897-08-01, 1004.800
1897-09-01, 1008.100
1897-10-01, 1008.300
1897-11-01, 1008.500
1897-12-01,  996.100
1898-01-01,  992.700
1898-02-01,  996.000
1898-03-01, 1010.000
1898-04-01,  998.800
1898-05-01, 1014.500
1898-06-01, 1010.300
1898-07-01, 1012.800
1898-08-01, 1004.000
1898-09-01, 1003.500
1898-10-01, 1003.700
1898-11-01,  998.400
1898-12-01,  992.400
1899-01-01, 1001.300
1899-02-01,  999.700
1899-03-01, 1012.900
1899-04-01, 1012.100
1899-05-01, 1018.500
1899-06-01, 1010.700
1899-07-01, 1006.500
1899-08-01, 1014.300
1899-09-01, 1004.400
1899-10-01, 1003.200
1899-11-01,  998.500
1899-12-01, 1002.900
1900-01-01,  992.500
1900-02-01, 1015.700
1900-03-01, 1022.800
1900-04-01, 1007.100
1900-05-01, 1013.100
1900-06-01, 1013.000
1900-07-01, 1010.900
1900-08-01, 1010.800
1900-09-01, 1001.200
1900-10-01, 1008.100
1900-11-01,  998.400
1900-12-01,  988.800
1901-01-01,  996.300
1901-02-01, 1021.300
1901-03-01, 1006.900
1901-04-01, 1002.800
1901-05-01, 1015.500
1901-06-01, 1007.300
1901-07-01, 1008.700
1901-08-01, 1009.200
1901-09-01, 1000.000
1901-10-01, 1002.400
1901-11-01, 1014.400
1901-12-01, 1002.500
1902-01-01, 1003.200
1902-02-01, 1009.600
1902-03-01, 1001.700
1902-04-01, 1012.300
1902-05-01, 1016.700
1902-06-01, 1019.900
1902-07-01, 1016.500
1902-08-01, 1011.200
1902-09-01, 1011.100
1902-10-01, 1003.200
1902-11-01,  997.200
1902-12-01,  996.700
1903-01-01,  992.500
1903-02-01,  986.900
1903-03-01,  985.600
1903-04-01, 1010.800
1903-05-01, 1010.800
1903-06-01, 1018.100
1903-07-01, 1011.900
1903-08-01, 1006.300
1903-09-01, 1007.900
1903-10-01, 1007.100
1903-11-01, 1002.500
1903-12-01,  996.900
1904-01-01,  988.400
1904-02-01,  997.700
1904-03-01, 1003.100
1904-04-01,  999.300
1904-05-01, 1010.000
1904-06-01, 1011.600
1904-07-01, 1010.300
1904-08-01, 1013.600
1904-09-01, 1004.700
1904-10-01, 1000.100
1904-11-01, 1006.100
1904-12-01, 1000.500
1905-01-01,  996.400
1905-02-01, 1003.100
1905-03-01,  993.900
1905-04-01, 1016.400
1905-05-01, 1012.700
1905-06-01, 1013.300
1905-07-01, 1007.500
1905-08-01, 1011.300
1905-09-01, 1004.900
1905-10-01, 1016.000
1905-11-01, 1003.300
1905-12-01,  994.000
1906-01-01,  987.500
1906-02-01,  998.900
1906-03-01, 1008.900
1906-04-01, 1004.900
1906-05-01, 1019.600
1906-06-01, 1014.800
1906-07-01, 1004.100
1906-08-01, 1013.200
1906-09-01, 1007.600
1906-10-01,  997.800
1906-11-01, 1004.800
1906-12-01, 1001.000
1907-01-01, 1002.700
1907-02-01,  996.900
1907-03-01,  996.300
1907-04-01, 1005.100
1907-05-01, 1017.800
1907-06-01, 1009.400
1907-07-01, 1017.300
1907-08-01, 1009.900
1907-09-01, 1006.000
1907-10-01, 1006.500
1907-11-01,  999.400
1907-12-01,  995.600
1908-01-01,  997.500
1908-02-01, 1001.700
1908-03-01, 1001.500
1908-04-01, 1018.200
1908-05-01, 1009.100
1908-06-01, 1010.300
1908-07-01, 1013.100
1908-08-01, 1009.800
1908-09-01, 1004.300
1908-10-01, 1002.100
1908-11-01, 1003.000
1908-12-01,  994.100
1909-01-01,  993.300
1909-02-01, 1005.600
1909-03-01, 1015.800
1909-04-01, 1008.800
1909-05-01, 1017.900
1909-06-01, 1019.000
1909-07-01, 1006.000
1909-08-01, 1004.100
1909-09-01, 1013.200
1909-10-01,  998.700
1909-11-01, 1006.900
1909-12-01, 1000.900
1910-01-01,  991.100
1910-02-01,  984.200
1910-03-01, 1002.900
1910-04-01, 1011.700
1910-05-01, 1010.100
1910-06-01, 1012.400
1910-07-01, 1013.200
1910-08-01, 1014.600
1910-09-01, 1011.200
1910-10-01, 1009.300
1910-11-01, 1014.500
1910-12-01,  997.900
1911-01-01,  999.900
1911-02-01,  998.600
1911-03-01, 1011.300
1911-04-01, 1013.100
1911-05-01, 1004.300
1911-06-01, 1014.700
1911-07-01, 1013.400
1911-08-01, 1010.200
1911-09-01, 1004.400
1911-10-01, 1013.400
1911-11-01,  999.900
1911-12-01,  986.400
1912-01-01, 1004.400
1912-02-01, 1000.400
1912-03-01,  998.600
1912-04-01, 1011.800
1912-05-01, 1010.300
1912-06-01, 1013.600
1912-07-01, 1012.400
1912-08-01, 1012.700
1912-09-01, 1015.800
1912-10-01, 1001.000
1912-11-01, 1003.400
1912-12-01,  987.600
1913-01-01,  991.100
1913-02-01, 1000.300
1913-03-01,  991.000
1913-04-01, 1000.500
1913-05-01, 1010.700
1913-06-01, 1010.700
1913-07-01, 1013.700
1913-08-01, 1008.500
1913-09-01, 1010.900
1913-10-01, 1005.800
1913-11-01,  987.500
1913-12-01,  999.600
1914-01-01,  998.100
1914-02-01,  987.000
1914-03-01, 1002.400
1914-04-01, 1003.100
1914-05-01, 1008.800
1914-06-01, 1008.600
1914-07-01, 1011.300
1914-08-01, 1008.600
1914-09-01, 1006.900
1914-10-01, 1005.500
1914-11-01, 1001.100
1914-12-01,  990.000
1915-01-01,  996.900
1915-02-01,  997.500
1915-03-01, 1014.400
1915-04-01, 1002.100
1915-05-01, 1018.300
1915-06-01, 1016.100
1915-07-01, 1009.700
1915-08-01, 1013.300
1915-09-01, 1014.900
1915-10-01, 1003.600
1915-11-01, 1013.500
1915-12-01, 1008.100
1916-01-01,  988.000
1916-02-01,  994.300
1916-03-01, 1018.400
1916-04-01, 1004.800
1916-05-01, 1013.900
1916-06-01, 1015.100
1916-07-01, 1009.800
1916-08-01, 1009.800
1916-09-01, 1010.400
1916-10-01,  997.800
1916-11-01, 1001.700
1916-12-01, 1004.000
1917-01-01, 1013.400
1917-02-01, 1009.500
1917-03-01, 1007.700
1917-04-01, 1014.600
1917-05-01, 1015.900
1917-06-01, 1010.400
1917-07-01, 1014.200
1917-08-01, 1009.200
1917-09-01, 1000.000
1917-10-01, 1000.700
1917-11-01, 1000.300
1917-12-01, 1012.800
1918-01-01, 1010.400
1918-02-01,  990.100
1918-03-01, 1001.800
1918-04-01, 1012.600
1918-05-01, 1011.500
1918-06-01, 1008.400
1918-07-01, 1014.400
1918-08-01, 1008.700
1918-09-01, 1006.600
1918-10-01,  998.900
1918-11-01,  996.900
1918-12-01,  996.200
1919-01-01,  998.700
1919-02-01, 1006.800
1919-03-01, 1011.100
1919-04-01, 1006.300
1919-05-01, 1009.400
1919-06-01, 1006.200
1919-07-01, 1013.500
1919-08-01, 1006.300
1919-09-01, 1004.200
1919-10-01, 1017.700
1919-11-01, 1011.700
1919-12-01,  988.700
1920-01-01,  989.400
1920-02-01,  997.800
1920-03-01,  990.600
1920-04-01, 1012.600
1920-05-01, 1005.700
1920-06-01, 1012.200
1920-07-01, 1003.400
1920-08-01, 1011.900
1920-09-01, 1002.100
1920-10-01, 1003.700
1920-11-01,  993.700
1920-12-01, 1003.300
1921-01-01,  992.200
1921-02-01, 1002.300
1921-03-01,  989.800
1921-04-01, 1008.500
1921-05-01, 1008.200
1921-06-01, 1014.500
1921-07-01, 1010.200
1921-08-01, 1008.500
1921-09-01, 1006.300
1921-10-01, 1003.800
1921-11-01, 1006.900
1921-12-01,  992.200
1922-01-01,  995.400
1922-02-01,  983.500
1922-03-01, 1009.400
1922-04-01, 1013.500
1922-05-01, 1009.500
1922-06-01, 1003.800
1922-07-01, 1007.000
1922-08-01, 1006.100
1922-09-01, 1007.800
1922-10-01, 1014.200
1922-11-01, 1007.800
1922-12-01,  995.900
1923-01-01,  997.300
1923-02-01,  989.000
1923-03-01, 1005.300
1923-04-01, 1009.500
1923-05-01, 1014.900
1923-06-01, 1011.500
1923-07-01, 1003.000
1923-08-01, 1006.700
1923-09-01, 1002.300
1923-10-01,  993.100
1923-11-01, 1006.900
1923-12-01, 1000.200
1924-01-01,  991.500
1924-02-01, 1009.100
1924-03-01, 1011.300
1924-04-01, 1014.700
1924-05-01, 1013.000
1924-06-01, 1014.100
1924-07-01, 1003.100
1924-08-01, 1004.600
1924-09-01, 1000.700
1924-10-01,  999.300
1924-11-01, 1003.000
1924-12-01,  979.800
1925-01-01,  990.300
1925-02-01,  994.900
1925-03-01, 1015.100
1925-04-01, 1003.500
1925-05-01, 1006.600
1925-06-01, 1010.200
1925-07-01, 1007.100
1925-08-01, 1007.100
1925-09-01, 1007.100
1925-10-01, 1006.500
1925-11-01, 1010.300
1925-12-01, 1007.900
1926-01-01,  991.500
1926-02-01,  993.500
1926-03-01, 1005.700
1926-04-01, 1004.600
1926-05-01, 1015.300
1926-06-01, 1012.900
1926-07-01, 1006.500
1926-08-01, 1006.200
1926-09-01, 1004.600
1926-10-01, 1016.700
1926-11-01,  995.800
1926-12-01, 1007.000
1927-01-01,  992.200
1927-02-01, 1001.100
1927-03-01,  996.600
1927-04-01, 1007.000
1927-05-01, 1018.300
1927-06-01, 1013.300
1927-07-01, 1009.300
1927-08-01, 1007.700
1927-09-01, 1007.900
1927-10-01, 1011.400
1927-11-01, 1003.000
1927-12-01, 1010.300
1928-01-01,  984.500
1928-02-01,  992.300
1928-03-01, 1007.800
1928-04-01, 1001.100
1928-05-01, 1020.700
1928-06-01, 1013.300
1928-07-01, 1005.500
1928-08-01, 1011.100
1928-09-01, 1007.300
1928-10-01, 1001.500
1928-11-01,  998.200
1928-12-01, 1000.600
1929-01-01, 1019.900
1929-02-01, 1000.700
1929-03-01, 1010.600
1929-04-01, 1019.800
1929-05-01, 1010.300
1929-06-01, 1011.100
1929-07-01, 1012.500
1929-08-01, 1009.300
1929-09-01, 1001.500
1929-10-01, 1000.600
1929-11-01,  992.100
1929-12-01,  981.300
1930-01-01,  985.300
1930-02-01, 1008.600
1930-03-01, 1009.800
1930-04-01, 1011.000
1930-05-01, 1008.300
1930-06-01, 1002.900
1930-07-01, 1008.700
1930-08-01, 1007.000
1930-09-01, 1015.500
1930-10-01,  999.800
1930-11-01,  999.800
1930-12-01,  991.800
1931-01-01, 1003.900
1931-02-01,  999.100
1931-03-01, 1012.900
1931-04-01, 1005.900
1931-05-01, 1015.400
1931-06-01, 1014.300
1931-07-01, 1005.900
1931-08-01, 1014.200
1931-09-01, 1014.600
1931-10-01, 1004.300
1931-11-01,  985.800
1931-12-01, 1001.400
1932-01-01,  990.500
1932-02-01, 1027.400
1932-03-01, 1010.500
1932-04-01, 1012.200
1932-05-01, 1019.800
1932-06-01, 1015.100
1932-07-01, 1006.900
1932-08-01, 1005.800
1932-09-01, 1005.300
1932-10-01, 1002.700
1932-11-01,  999.700
1932-12-01,  992.500
1933-01-01,  985.300
1933-02-01, 1016.700
1933-03-01,  999.800
1933-04-01, 1014.900
1933-05-01, 1014.200
1933-06-01, 1007.900
1933-07-01, 1007.800
1933-08-01, 1003.500
1933-09-01, 1009.100
1933-10-01, 1009.900
1933-11-01, 1007.500
1933-12-01, 1007.400
1934-01-01,  990.900
1934-02-01, 1007.800
1934-03-01,  999.400
1934-04-01, 1013.900
1934-05-01, 1005.800
1934-06-01, 1015.700
1934-07-01, 1008.700
1934-08-01, 1003.400
1934-09-01,  998.100
1934-10-01, 1001.800
1934-11-01, 1005.100
1934-12-01,  995.800
1935-01-01, 1007.900
1935-02-01,  990.700
1935-03-01, 1006.100
1935-04-01, 1015.900
1935-05-01, 1022.400
1935-06-01, 1007.900
1935-07-01, 1001.900
1935-08-01, 1005.900
1935-09-01, 1005.000
1935-10-01,  995.700
1935-11-01,  994.600
1935-12-01, 1006.300
1936-01-01, 1008.600
1936-02-01, 1010.900
1936-03-01, 1005.400
1936-04-01, 1014.500
1936-05-01, 1013.900
1936-06-01, 1011.000
1936-07-01, 1009.100
1936-08-01, 1006.500
1936-09-01, 1011.400
1936-10-01, 1001.100
1936-11-01, 1001.000
1936-12-01,  993.500
1937-01-01,  985.100
1937-02-01,  995.800
1937-03-01, 1017.900
1937-04-01, 1003.100
1937-05-01, 1007.300
1937-06-01, 1009.700
1937-07-01, 1005.700
1937-08-01, 1005.100
1937-09-01,  999.500
1937-10-01, 1006.600
1937-11-01, 1010.300
1937-12-01, 1006.700
1938-01-01,  987.800
1938-02-01, 1008.700
1938-03-01,  994.900
1938-04-01, 1015.100
1938-05-01, 1014.300
1938-06-01, 1007.000
1938-07-01, 1005.800
1938-08-01, 1009.900
1938-09-01, 1004.500
1938-10-01,  989.400
1938-11-01,  989.800
1938-12-01,  994.500
1939-01-01, 1009.100
1939-02-01,  988.300
1939-03-01, 1006.100
1939-04-01, 1010.100
1939-05-01, 1012.900
1939-06-01, 1012.900
1939-07-01, 1012.200
1939-08-01, 1006.100
1939-09-01, 1016.100
1939-10-01, 1011.400
1939-11-01, 1000.100
1939-12-01, 1006.500
1940-01-01, 1010.900
1940-02-01, 1006.700
1940-03-01, 1009.300
1940-04-01, 1010.700
1940-05-01, 1009.300
1940-06-01, 1007.400
1940-07-01, 1012.600
1940-08-01, 1008.100
1940-09-01, 1006.500
1940-10-01, 1003.900
1940-11-01,  999.900
1940-12-01, 1003.500
1941-01-01, 1017.400
1941-02-01, 1004.200
1941-03-01, 1014.900
1941-04-01, 1016.600
1941-05-01, 1016.200
1941-06-01, 1011.100
1941-07-01, 1005.800
1941-08-01, 1009.900
1941-09-01, 1009.000
1941-10-01, 1013.000
1941-11-01,  998.100
1941-12-01,  999.000
1942-01-01,  997.000
1942-02-01, 1018.000
1942-03-01, 1006.300
1942-04-01, 1009.400
1942-05-01, 1011.900
1942-06-01, 1014.900
1942-07-01, 1008.200
1942-08-01, 1006.500
1942-09-01, 1000.300
1942-10-01, 1000.500
1942-11-01, 1010.200
1942-12-01,  992.300
1943-01-01,  995.700
1943-02-01,  996.200
1943-03-01, 1001.000
1943-04-01,  999.100
1943-05-01, 1012.600
1943-06-01, 1011.100
1943-07-01, 1009.000
1943-08-01, 1013.500
1943-09-01, 1001.300
1943-10-01,  997.800
1943-11-01, 1007.500
1943-12-01,  999.900
1944-01-01,  992.200
1944-02-01, 1012.700
1944-03-01, 1012.300
1944-04-01, 1008.100
1944-05-01, 1013.300
1944-06-01, 1012.500
1944-07-01, 1014.600
1944-08-01, 1005.900
1944-09-01, 1005.900
1944-10-01, 1001.700
1944-11-01, 1001.100
1944-12-01,  996.900
1945-01-01, 1019.900
1945-02-01,  988.200
1945-03-01, 1004.300
1945-04-01, 1010.600
1945-05-01, 1010.500
1945-06-01, 1009.800
1945-07-01, 1011.100
1945-08-01, 1008.900
1945-09-01, 1003.700
1945-10-01, 1009.500
1945-11-01, 1007.700
1945-12-01, 1001.900
1946-01-01,  990.100
1946-02-01, 1007.800
1946-03-01, 1005.700
1946-04-01, 1003.700
1946-05-01, 1019.600
1946-06-01, 1005.400
1946-07-01, 1005.300
1946-08-01, 1006.300
1946-09-01, 1002.300
1946-10-01, 1010.500
1946-11-01, 1007.700
1946-12-01,  994.300
1947-01-01,  993.100
1947-02-01, 1024.400
1947-03-01, 1012.600
1947-04-01,  998.300
1947-05-01, 1011.700
1947-06-01, 1008.500
1947-07-01, 1005.700
1947-08-01, 1010.300
1947-09-01, 1002.500
1947-10-01, 1007.400
1947-11-01, 1010.300
1947-12-01, 1008.900
1948-01-01,  988.600
1948-02-01, 1003.700
1948-03-01,  997.000
1948-04-01, 1006.900
1948-05-01, 1014.300
1948-06-01, 1013.500
1948-07-01, 1009.900
1948-08-01, 1009.900
1948-09-01, 1005.500
1948-10-01,  999.700
1948-11-01, 1002.900
1948-12-01,  996.300
1949-01-01,  996.700
1949-02-01,  989.000
1949-03-01, 1010.400
1949-04-01, 1000.200
1949-05-01, 1014.800
1949-06-01, 1015.300
1949-07-01, 1013.500
1949-08-01, 1008.400
1949-09-01, 1009.400
1949-10-01, 1002.100
1949-11-01,  996.200
1949-12-01,  996.000
1950-01-01,  996.000
1950-02-01,  992.400
1950-03-01, 1005.600
1950-04-01, 1003.300
1950-05-01, 1018.700
1950-06-01, 1008.200
1950-07-01, 1006.200
1950-08-01, 1002.300
1950-09-01,  997.400
1950-10-01,  998.700
1950-11-01, 1002.500
1950-12-01, 1009.000
1951-01-01,  994.600
1951-02-01,  996.300
1951-03-01, 1013.400
1951-04-01, 1012.600
1951-05-01, 1019.600
1951-06-01, 1015.100
1951-07-01, 1009.000
1951-08-01, 1004.400
1951-09-01, 1002.400
1951-10-01,  998.800
1951-11-01, 1003.400
1951-12-01,  984.700
1952-01-01,  996.600
1952-02-01, 1009.400
1952-03-01, 1009.100
1952-04-01, 1001.000
1952-05-01, 1017.200
1952-06-01, 1010.400
1952-07-01, 1011.100
1952-08-01, 1010.600
1952-09-01, 1015.500
1952-10-01, 1001.300
1952-11-01, 1012.900
1952-12-01, 1007.000
1953-01-01, 1002.700
1953-02-01, 1004.000
1953-03-01, 1006.800
1953-04-01, 1015.200
1953-05-01, 1016.100
1953-06-01, 1010.500
1953-07-01, 1007.800
1953-08-01, 1004.200
1953-09-01, 1002.300
1953-10-01,  996.100
1953-11-01,  989.700
1953-12-01,  993.100
1954-01-01, 1004.500
1954-02-01,  996.900
1954-03-01, 1000.500
1954-04-01, 1011.800
1954-05-01, 1017.000
1954-06-01, 1010.300
1954-07-01, 1005.100
1954-08-01, 1009.100
1954-09-01, 1003.000
1954-10-01,  996.700
1954-11-01,  989.500
1954-12-01,  993.300
1955-01-01, 1004.800
1955-02-01, 1012.500
1955-03-01, 1017.800
1955-04-01, 1005.000
1955-05-01, 1014.200
1955-06-01, 1011.200
1955-07-01, 1008.300
1955-08-01, 1005.400
1955-09-01,  997.500
1955-10-01, 1009.800
1955-11-01, 1011.300
1955-12-01, 1000.600
1956-01-01, 1003.800
1956-02-01, 1016.200
1956-03-01, 1002.700
1956-04-01, 1014.200
1956-05-01, 1003.100
1956-06-01, 1013.300
1956-07-01, 1011.700
1956-08-01, 1013.600
1956-09-01, 1008.200
1956-10-01, 1002.100
1956-11-01,  999.300
1956-12-01,  992.200
1957-01-01,  990.000
1957-02-01, 1004.200
1957-03-01, 1004.100
1957-04-01, 1011.000
1957-05-01, 1016.600
1957-06-01, 1017.600
1957-07-01, 1014.700
1957-08-01, 1008.700
1957-09-01, 1013.100
1957-10-01,  991.200
1957-11-01, 1010.500
1957-12-01,  997.800
1958-01-01,  998.900
1958-02-01, 1010.800
1958-03-01, 1014.600
1958-04-01, 1007.600
1958-05-01, 1018.100
1958-06-01, 1016.200
1958-07-01, 1013.700
1958-08-01, 1007.800
1958-09-01, 1006.900
1958-10-01,  999.500
1958-11-01,  999.900
1958-12-01, 1002.400
1959-01-01, 1016.500
1959-02-01,  997.600
1959-03-01,  993.600
1959-04-01, 1006.500
1959-05-01, 1016.100
1959-06-01, 1008.400
1959-07-01, 1007.200
1959-08-01, 1007.100
1959-09-01, 1005.400
1959-10-01,  997.400
1959-11-01, 1000.100
1959-12-01,  989.100
1960-01-01, 1009.200
1960-02-01, 1011.800
1960-03-01, 1007.100
1960-04-01, 1004.700
1960-05-01, 1011.600
1960-06-01, 1012.100
1960-07-01, 1007.600
1960-08-01, 1017.000
1960-09-01, 1004.700
1960-10-01, 1014.400
1960-11-01,  999.200
1960-12-01,  993.300
1961-01-01,  997.300
1961-02-01,  993.800
1961-03-01, 1002.800
1961-04-01, 1007.600
1961-05-01, 1013.100
1961-06-01, 1002.000
1961-07-01, 1010.700
1961-08-01, 1003.800
1961-09-01,  996.400
1961-10-01,  997.600
1961-11-01, 1002.600
1961-12-01, 1012.900
1962-01-01,  987.900
1962-02-01, 1008.900
1962-03-01, 1024.400
1962-04-01, 1009.800
1962-05-01, 1016.600
1962-06-01, 1008.800
1962-07-01, 1015.800
1962-08-01, 1007.400
1962-09-01, 1005.700
1962-10-01, 1003.100
1962-11-01, 1009.000
1962-12-01, 1004.600
1963-01-01, 1026.900
1963-02-01, 1010.000
1963-03-01,  997.500
1963-04-01, 1008.000
1963-05-01, 1001.400
1963-06-01, 1013.600
1963-07-01, 1010.600
1963-08-01, 1010.300
1963-09-01, 1001.400
1963-10-01,  992.300
1963-11-01, 1003.800
1963-12-01, 1010.700
1964-01-01, 1005.400
1964-02-01, 1007.100
1964-03-01, 1006.300
1964-04-01, 1008.900
1964-05-01, 1006.200
1964-06-01, 1010.000
1964-07-01, 1004.200
1964-08-01, 1015.200
1964-09-01, 1007.900
1964-10-01, 1002.900
1964-11-01, 1002.600
1964-12-01, 1001.400
1965-01-01,  999.400
1965-02-01, 1028.100
1965-03-01, 1012.200
1965-04-01, 1003.800
1965-05-01, 1016.500
1965-06-01, 1007.000
1965-07-01, 1014.400
1965-08-01, 1005.800
1965-09-01, 1006.100
1965-10-01, 1002.900
1965-11-01, 1017.700
1965-12-01,  997.500
1966-01-01, 1009.200
1966-02-01, 1006.800
1966-03-01, 1006.100
1966-04-01, 1007.900
1966-05-01, 1007.700
1966-06-01, 1007.200
1966-07-01, 1010.700
1966-08-01, 1013.800
1966-09-01, 1008.000
1966-10-01, 1013.200
1966-11-01, 1006.200
1966-12-01,  994.000
1967-01-01, 1011.000
1967-02-01,  992.400
1967-03-01,  995.900
1967-04-01, 1009.300
1967-05-01, 1014.500
1967-06-01, 1006.600
1967-07-01, 1007.800
1967-08-01, 1008.500
1967-09-01, 1004.300
1967-10-01,  995.500
1967-11-01, 1003.000
1967-12-01, 1008.700
1968-01-01, 1001.500
1968-02-01, 1009.300
1968-03-01, 1000.200
1968-04-01, 1013.700
1968-05-01, 1020.300
1968-06-01, 1006.700
1968-07-01, 1020.000
1968-08-01, 1011.900
1968-09-01, 1007.900
1968-10-01, 1009.700
1968-11-01, 1004.500
1968-12-01, 1007.800
1969-01-01, 1009.300
1969-02-01, 1015.600
1969-03-01, 1011.900
1969-04-01, 1008.200
1969-05-01, 1017.300
1969-06-01, 1007.300
1969-07-01, 1004.400
1969-08-01, 1008.600
1969-09-01, 1004.000
1969-10-01,  996.500
1969-11-01, 1005.500
1969-12-01, 1001.500
1970-01-01,  998.800
1970-02-01, 1004.000
1970-03-01, 1013.900
1970-04-01, 1009.100
1970-05-01, 1005.700
1970-06-01, 1010.900
1970-07-01, 1007.300
1970-08-01, 1007.800
1970-09-01, 1003.600
1970-10-01, 1006.900
1970-11-01, 1003.500
1970-12-01, 1011.800
1971-01-01,  999.800
1971-02-01,  997.200
1971-03-01, 1008.800
1971-04-01, 1011.900
1971-05-01, 1006.000
1971-06-01, 1018.500
1971-07-01, 1013.400
1971-08-01, 1005.000
1971-09-01, 1007.900
1971-10-01, 1002.600
1971-11-01, 1008.200
1971-12-01,  997.900
1972-01-01,  995.000
1972-02-01,  998.600
1972-03-01,  998.800
1972-04-01, 1007.400
1972-05-01, 1009.200
1972-06-01, 1002.700
1972-07-01, 1008.200
1972-08-01, 1009.100
1972-09-01, 1013.100
1972-10-01, 1006.800
1972-11-01, 1000.200
1972-12-01,  987.600
1973-01-01,  996.700
1973-02-01,  997.400
1973-03-01, 1001.700
1973-04-01, 1020.700
1973-05-01, 1014.800
1973-06-01, 1005.600
1973-07-01, 1010.200
1973-08-01, 1006.500
1973-09-01, 1007.300
1973-10-01, 1010.700
1973-11-01, 1010.700
1973-12-01, 1004.900
1974-01-01,  977.700
1974-02-01,  996.700
1974-03-01, 1004.400
1974-04-01, 1013.800
1974-05-01, 1011.200
1974-06-01, 1008.300
1974-07-01, 1007.400
1974-08-01, 1008.100
1974-09-01, 1002.600
1974-10-01, 1011.500
1974-11-01,  999.500
1974-12-01,  992.500
1975-01-01,  988.900
1975-02-01, 1002.400
1975-03-01, 1008.400
1975-04-01, 1012.900
1975-05-01, 1020.500
1975-06-01, 1012.900
1975-07-01, 1007.400
1975-08-01, 1009.200
1975-09-01, 1001.600
1975-10-01, 1006.200
1975-11-01, 1000.500
1975-12-01, 1005.800
1976-01-01,  999.100
1976-02-01,  993.600
1976-03-01,  993.400
1976-04-01, 1011.900
1976-05-01, 1004.100
1976-06-01, 1006.200
1976-07-01, 1012.200
1976-08-01, 1010.500
1976-09-01, 1017.600
1976-10-01,  995.400
1976-11-01, 1000.000
1976-12-01, 1012.100
1977-01-01, 1010.600
1977-02-01, 1006.300
1977-03-01, 1004.900
1977-04-01, 1009.300
1977-05-01, 1019.300
1977-06-01, 1014.400
1977-07-01, 1011.400
1977-08-01, 1011.800
1977-09-01, 1007.000
1977-10-01,  996.900
1977-11-01, 1002.600
1977-12-01,  999.600
1978-01-01,  996.900
1978-02-01, 1008.900
1978-03-01,  991.600
1978-04-01, 1017.800
1978-05-01, 1009.500
1978-06-01, 1009.900
1978-07-01, 1013.200
1978-08-01, 1012.000
1978-09-01, 1004.600
1978-10-01, 1003.500
1978-11-01,  992.300
1978-12-01, 1005.900
1979-01-01, 1012.000
1979-02-01, 1003.300
1979-03-01, 1001.600
1979-04-01, 1016.600
1979-05-01, 1014.600
1979-06-01, 1008.700
1979-07-01, 1008.600
1979-08-01, 1008.400
1979-09-01, 1003.200
1979-10-01, 1000.100
1979-11-01,  995.500
1979-12-01,  991.200
1980-01-01, 1009.700
1980-02-01, 1001.300
1980-03-01, 1007.000
1980-04-01, 1008.900
1980-05-01, 1018.800
1980-06-01, 1010.900
1980-07-01, 1013.400
1980-08-01, 1010.800
1980-09-01, 1002.200
1980-10-01, 1008.500
1980-11-01, 1014.000
1980-12-01,  997.900
1981-01-01, 1005.000
1981-02-01,  996.800
1981-03-01, 1002.700
1981-04-01, 1018.600
1981-05-01, 1010.900
1981-06-01, 1013.600
1981-07-01, 1008.600
1981-08-01, 1007.700
1981-09-01, 1004.100
1981-10-01, 1007.900
1981-11-01, 1005.400
1981-12-01, 1007.100
1982-01-01, 1006.700
1982-02-01,  986.800
1982-03-01,  995.000
1982-04-01, 1009.100
1982-05-01, 1012.400
1982-06-01, 1017.100
1982-07-01, 1010.600
1982-08-01, 1005.500
1982-09-01, 1000.300
1982-10-01,  998.600
1982-11-01,  993.600
1982-12-01,  991.900
1983-01-01,  986.100
1983-02-01, 1014.500
1983-03-01,  998.300
1983-04-01, 1013.600
1983-05-01, 1014.300
1983-06-01, 1009.100
1983-07-01, 1008.600
1983-08-01, 1008.400
1983-09-01, 1009.300
1983-10-01,  998.100
1983-11-01, 1010.200
1983-12-01,  997.300
1984-01-01,  989.100
1984-02-01,  996.200
1984-03-01, 1015.800
1984-04-01, 1006.000
1984-05-01, 1011.500
1984-06-01, 1013.100
1984-07-01, 1011.500
1984-08-01, 1008.900
1984-09-01, 1005.300
1984-10-01,  999.100
1984-11-01,  998.000
1984-12-01,  993.000
1985-01-01, 1014.900
1985-02-01, 1007.300
1985-03-01, 1007.400
1985-04-01, 1008.500
1985-05-01, 1015.200
1985-06-01, 1012.800
1985-07-01, 1008.100
1985-08-01, 1005.700
1985-09-01, 1008.900
1985-10-01, 1004.500
1985-11-01, 1012.000
1985-12-01, 1007.200
1986-01-01,  995.600
1986-02-01, 1022.500
1986-03-01,  987.100
1986-04-01, 1010.500
1986-05-01, 1004.900
1986-06-01, 1010.500
1986-07-01, 1008.400
1986-08-01, 1015.900
1986-09-01, 1013.400
1986-10-01,  989.900
1986-11-01,  990.100
1986-12-01,  990.700
1987-01-01, 1013.600
1987-02-01, 1005.000
1987-03-01, 1005.100
1987-04-01, 1003.700
1987-05-01, 1018.100
1987-06-01, 1016.700
1987-07-01, 1009.900
1987-08-01, 1015.000
1987-09-01, 1000.300
1987-10-01, 1000.900
1987-11-01, 1005.200
1987-12-01, 1002.900
1988-01-01,  995.900
1988-02-01, 1006.000
1988-03-01, 1006.100
1988-04-01, 1017.000
1988-05-01, 1011.500
1988-06-01, 1011.600
1988-07-01, 1006.300
1988-08-01, 1001.700
1988-09-01, 1004.700
1988-10-01, 1008.900
1988-11-01, 1007.700
1988-12-01,  998.100
1989-01-01,  987.500
1989-02-01,  986.100
1989-03-01,  988.200
1989-04-01, 1009.000
1989-05-01, 1008.000
1989-06-01, 1011.000
1989-07-01, 1010.900
1989-08-01,  999.500
1989-09-01, 1001.400
1989-10-01,  999.000
1989-11-01, 1008.400
1989-12-01, 1003.500
1990-01-01,  981.000
1990-02-01,  976.300
1990-03-01,  995.500
1990-04-01, 1001.200
1990-05-01, 1019.400
1990-06-01, 1009.600
1990-07-01, 1008.300
1990-08-01, 1005.200
1990-09-01, 1006.000
1990-10-01, 1000.200
1990-11-01, 1009.500
1990-12-01,  994.700
1991-01-01,  994.600
1991-02-01, 1002.800
1991-03-01, 1005.200
1991-04-01, 1007.300
1991-05-01, 1017.900
1991-06-01, 1013.300
1991-07-01, 1010.200
1991-08-01, 1001.400
1991-09-01, 1006.600
1991-10-01, 1007.900
1991-11-01,  995.600
1991-12-01, 1001.100
1992-01-01, 1004.000
1992-02-01,  989.300
1992-03-01,  998.600
1992-04-01, 1005.000
1992-05-01, 1009.600
1992-06-01, 1012.300
1992-07-01, 1007.800
1992-08-01, 1001.500
1992-09-01, 1004.700
1992-10-01, 1013.000
1992-11-01,  987.600
1992-12-01,  994.700
1993-01-01,  984.200
1993-02-01, 1008.100
1993-03-01,  996.200
1993-04-01, 1005.700
1993-05-01, 1019.000
1993-06-01, 1011.800
1993-07-01, 1012.100
1993-08-01, 1009.700
1993-09-01, 1010.900
1993-10-01, 1018.900
1993-11-01,  991.700
1993-12-01,  993.000
1994-01-01,  995.200
1994-02-01, 1003.200
1994-03-01,  985.700
1994-04-01, 1007.300
1994-05-01, 1013.800
1994-06-01, 1003.300
1994-07-01, 1004.800
1994-08-01, 1010.800
1994-09-01, 1009.400
1994-10-01, 1006.200
1994-11-01,  997.900
1994-12-01,  990.500
1995-01-01,  992.000
1995-02-01,  988.800
1995-03-01,  998.200
1995-04-01, 1018.900
1995-05-01, 1014.800
1995-06-01, 1016.000
1995-07-01, 1008.400
1995-08-01, 1009.200
1995-09-01, 1009.500
1995-10-01,  999.200
1995-11-01, 1017.900
1995-12-01, 1013.900
1996-01-01, 1002.100
1996-02-01, 1003.800
1996-03-01, 1015.800
1996-04-01, 1009.200
1996-05-01, 1017.000
1996-06-01, 1009.900
1996-07-01, 1007.700
1996-08-01, 1007.400
1996-09-01, 1006.500
1996-10-01,  996.000
1996-11-01, 1007.800
1996-12-01, 1013.300
1997-01-01, 1008.700
1997-02-01,  981.700
1997-03-01,  999.400
1997-04-01, 1013.900
1997-05-01, 1018.200
1997-06-01, 1016.000
1997-07-01, 1009.200
1997-08-01, 1005.200
1997-09-01, 1006.300
1997-10-01, 1009.800
1997-11-01,  998.600
1997-12-01,  996.900
1998-01-01, 1003.100
1998-02-01,  995.300
1998-03-01, 1007.100
1998-04-01, 1011.400
1998-05-01, 1015.300
1998-06-01, 1016.200
1998-07-01, 1008.900
1998-08-01, 1003.600
1998-09-01, 1011.900
1998-10-01, 1002.600
1998-11-01,  999.300
1998-12-01,  990.400
1999-01-01,  992.900
1999-02-01,  996.800
1999-03-01, 1006.200
1999-04-01, 1013.000
1999-05-01, 1007.900
1999-06-01, 1008.100
1999-07-01, 1009.700
1999-08-01, 1013.000
1999-09-01,  997.100
1999-10-01, 1003.200
1999-11-01, 1002.800
1999-12-01,  993.100
2000-01-01, 1004.800
2000-02-01,  987.900
2000-03-01, 1006.800
2000-04-01, 1017.600
2000-05-01, 1008.200
2000-06-01, 1013.200
2000-07-01, 1013.800
2000-08-01, 1009.600
2000-09-01, 1003.400
2000-10-01,  985.200
2000-11-01, 1002.600
2000-12-01, 1004.300
2001-01-01, 1000.200
2001-02-01, 1009.800
2001-03-01, 1006.100
2001-04-01, 1008.800
2001-05-01, 1012.900
2001-06-01, 1014.200
2001-07-01, 1010.400
2001-08-01, 1004.500
2001-09-01, 1010.900
2001-10-01,  997.800
2001-11-01, 1003.000
2001-12-01, 1014.700
2002-01-01,  994.200
2002-02-01,  993.900
2002-03-01, 1002.100
2002-04-01, 1001.200
2002-05-01, 1009.400
2002-06-01, 1006.900
2002-07-01, 1007.500
2002-08-01, 1008.000
2002-09-01, 1013.700
2002-10-01, 1010.400
2002-11-01,  996.700
2002-12-01, 1006.100
2003-01-01, 1004.300
2003-02-01,  993.700
2003-03-01, 1001.400
2003-04-01, 1013.500
2003-05-01, 1010.400
2003-06-01, 1007.600
2003-07-01, 1007.000
2003-08-01, 1012.300
2003-09-01, 1005.500
2003-10-01, 1012.200
2003-11-01,  994.800
2003-12-01, 1004.800
2004-01-01,  997.300
2004-02-01, 1012.100
2004-03-01, 1001.900
2004-04-01, 1003.000
2004-05-01, 1012.400
2004-06-01, 1012.400
2004-07-01, 1007.900
2004-08-01, 1010.400
2004-09-01, 1000.700
2004-10-01, 1007.800
2004-11-01, 1007.900
2004-12-01,  990.800
2005-01-01,  998.900
2005-02-01, 1014.800
2005-03-01, 1014.500
2005-04-01, 1008.300
2005-05-01, 1018.800
2005-06-01, 1013.300
2005-07-01, 1009.500
2005-08-01, 1004.100
2005-09-01, 1003.900
2005-10-01, 1003.200
2005-11-01, 1004.900
2005-12-01, 1004.000
2006-01-01,  995.100
2006-02-01, 1009.200
2006-03-01, 1013.400
2006-04-01, 1002.400
2006-05-01, 1013.600
2006-06-01, 1008.200
2006-07-01, 1008.100
2006-08-01, 1011.000
2006-09-01, 1002.600
2006-10-01, 1007.400
2006-11-01,  993.100
2006-12-01,  989.900
2007-01-01,  997.700
2007-02-01, 1003.800
2007-03-01,  995.600
2007-04-01, 1008.300
2007-05-01, 1007.700
2007-06-01, 1017.100
2007-07-01, 1011.100
2007-08-01, 1010.600
2007-09-01, 1006.900
2007-10-01,  998.700
2007-11-01, 1009.300
2007-12-01,  995.000
2008-01-01,  992.700
2008-02-01,  997.100
2008-03-01, 1001.100
2008-04-01, 1016.100
2008-05-01, 1018.600
2008-06-01, 1013.000
2008-07-01, 1009.500
2008-08-01, 1004.000
2008-09-01, 1003.500
2008-10-01,  997.300
2008-11-01, 1006.500
2008-12-01, 1000.600
2009-01-01,  988.100
2009-02-01, 1008.000
2009-03-01, 1000.300
2009-04-01, 1003.200
2009-05-01, 1005.600
2009-06-01, 1018.700
2009-07-01, 1012.500
2009-08-01, 1003.300
2009-09-01, 1003.000
2009-10-01, 1007.000
2009-11-01,  993.200
2009-12-01, 1009.800
2010-01-01, 1009.000
2010-02-01, 1014.000
2010-03-01, 1009.900
2010-04-01, 1013.000
2010-05-01, 1018.300
2010-06-01, 1015.600
2010-07-01, 1005.200
2010-08-01, 1012.200
2010-09-01, 1007.200
2010-10-01, 1004.200
2010-11-01, 1010.900
2010-12-01, 1016.900
2011-01-01, 1006.500
2011-02-01,  987.700
2011-03-01, 1004.500
2011-04-01,  995.500
2011-05-01, 1008.000
2011-06-01, 1014.400
2011-07-01, 1012.900
2011-08-01, 1011.200
2011-09-01,  995.000
2011-10-01,  994.200
2011-11-01,  992.200
2011-12-01,  989.900
2012-01-01,  995.800
2012-02-01, 1003.700
2012-03-01, 1003.700
2012-04-01, 1013.600
2012-05-01, 1019.000
2012-06-01, 1017.200
2012-07-01, 1012.500
2012-08-01, 1010.500
2012-09-01, 1001.000
2012-10-01, 1011.600
2012-11-01,  998.200
2012-12-01, 1001.700
2013-01-01,  996.200
2013-02-01, 1005.900
2013-03-01, 1019.700
2013-04-01, 1008.900
2013-05-01, 1008.000
2013-06-01, 1009.200
2013-07-01, 1009.100
2013-08-01, 1002.800
2013-09-01, 1005.800
2013-10-01, 1005.300
2013-11-01, 1001.600
2013-12-01,  985.900
2014-01-01,  987.900
2014-02-01,  986.300
2014-03-01,  996.300
2014-04-01, 1006.600
2014-05-01, 1012.800
2014-06-01, 1016.800
2014-07-01, 1006.400
2014-08-01, 1010.100
2014-09-01, 1006.300
2014-10-01,  998.100
2014-11-01,  998.900
2014-12-01,  993.700
2015-01-01,  988.500
2015-02-01,  994.900
2015-03-01,  995.700
2015-04-01, 1010.400
2015-05-01, 1006.100
2015-06-01, 1012.500
2015-07-01, 1012.700
2015-08-01, 1003.500
2015-09-01, 1008.200
2015-10-01, 1002.100
2015-11-01,  993.900
2015-12-01,  988.600
2016-01-01,  998.100
2016-02-01,  998.100
2016-03-01, 1003.000
2016-04-01, 1015.800
2016-05-01, 1014.500
2016-06-01, 1012.400
2016-07-01, 1010.300
2016-08-01, 1009.400
2016-09-01,  997.000
2016-10-01, 1007.800
2016-11-01, 1005.100
2016-12-01,  994.100
2017-01-01, 1002.600
2017-02-01,  996.100
2017-03-01, 1001.600
2017-04-01, 1010.700
2017-05-01, 1012.700
2017-06-01, 1005.600
2017-07-01, 1006.000
2017-08-01, 1009.200
2017-09-01, 1000.900
2017-10-01, 1001.600
2017-11-01, 1010.000
2017-12-01, 1005.000
2018-01-01,  993.300
2018-02-01,  995.500
2018-03-01, 1009.200
2018-04-01, 1006.500
2018-05-01, 1004.100
2018-06-01, 1012.900
2018-07-01, 1005.800
2018-08-01, 1004.600
2018-09-01, 1004.600
2018-10-01,  998.500
2018-11-01, 1002.300
2018-12-01,  998.500
2019-01-01, 1007.100
2019-02-01, 1000.100
2019-03-01,  996.900
2019-04-01, 1011.000
2019-05-01, 1020.200
2019-06-01, 1017.800
2019-07-01, 1011.200
2019-08-01, 1007.600
2019-09-01, 1005.100
2019-10-01, 1008.200
2019-11-01, 1009.000
2019-12-01,  994.400
2020-01-01,  984.400
2020-02-01,  981.900
2020-03-01, 1001.200
2020-04-01, 1013.000
2020-05-01, 1014.900
2020-06-01, 1013.400
2020-07-01, 1008.900
2020-08-01, 1007.000
2020-09-01, 1001.300
2020-10-01, 1005.100
2020-11-01,  997.900
2020-12-01, 1000.900
2021-01-01, 1012.200
2021-02-01, 1001.600
2021-03-01, 1005.000
2021-04-01, 1021.400
2021-05-01, 1017.500
2021-06-01, 1008.700
2021-07-01, 1011.600
2021-08-01, 1013.600
2021-09-01, 1002.100
2021-10-01, 1000.800
2021-11-01, 1004.900
2021-12-01, 1001.400
2022-01-01, 1000.900
2022-02-01,  988.500
2022-03-01, 1003.500
2022-04-01, 1016.600
2022-05-01, 1006.600
2022-06-01, 1007.500
2022-07-01, 1009.400
2022-08-01, 1008.100
2022-09-01, 1011.300
2022-10-01,  999.700
2022-11-01,  991.500
2022-12-01, 1016.400
2023-01-01,  998.900
2023-02-01, 1000.600
2023-03-01, 1013.500
2023-04-01, 1012.500
2023-05-01, 1010.500
2023-06-01, 1012.600
2023-07-01, 1011.300
2023-08-01, 1012.500
2023-09-01, 1002.200
2023-10-01, 1005.400
2023-11-01, 1007.400
2023-12-01, 1003.200
2024-01-01, 1000.500
2024-02-01,  995.400
2024-03-01,-9999.000
2024-04-01,-9999.000
2024-05-01,-9999.000
2024-06-01,-9999.000
2024-07-01,-9999.000
2024-08-01,-9999.000
2024-09-01,-9999.000
2024-10-01,-9999.000
2024-11-01,-9999.000
2024-12-01,-9999.000
