Date,AZO_SLP
1865-01-01,1016
1865-02-01,1016.4
1865-03-01,1023
1865-04-01,1018.8
1865-05-01,1018.4
1865-06-01,1023.5
1865-07-01,1026.8
1865-08-01,1027.5
1865-09-01,1023.2
1865-10-01,1018.3
1865-11-01,1016
1865-12-01,1019.9
1866-01-01,1020.8
1866-02-01,1024
1866-03-01,1020.2
1866-04-01,1015.4
1866-05-01,1017.9
1866-06-01,1023.5
1866-07-01,1025.4
1866-08-01,1022.8
1866-09-01,1024.4
1866-10-01,1018.3
1866-11-01,1017.5
1866-12-01,1019.9
1867-01-01,1010.2
1867-02-01,1022.3
1867-03-01,1005.8
1867-04-01,1025
1867-05-01,1015.4
1867-06-01,1025.1
1867-07-01,1024.4
1867-08-01,1023.9
1867-09-01,1023.8
1867-10-01,1024.6
1867-11-01,1012
1867-12-01,1021.1
1868-01-01,1023.1
1868-02-01,1029
1868-03-01,1029
1868-04-01,1023.1
1868-05-01,1022.4
1868-06-01,1026
1868-07-01,1023.9
1868-08-01,1025.4
1868-09-01,1019.4
1868-10-01,1026.8
1868-11-01,1017.1
1868-12-01,1015.6
1869-01-01,1018.2
1869-02-01,1027.5
1869-03-01,1027.2
1869-04-01,1019.5
1869-05-01,1018.3
1869-06-01,1021.1
1869-07-01,1024.6
1869-08-01,1024.3
1869-09-01,1021.1
1869-10-01,1019.4
1869-11-01,1025.5
1869-12-01,1022
1870-01-01,1023.4
1870-02-01,1008.1
1870-03-01,1014.7
1870-04-01,1020.3
1870-05-01,1023.2
1870-06-01,1024.7
1870-07-01,1025
1870-08-01,1020.2
1870-09-01,1021.6
1870-10-01,1021.9
1870-11-01,1016.6
1870-12-01,1016.8
1871-01-01,1029
1871-02-01,1018.6
1871-03-01,1019.8
1871-04-01,1015.9
1871-05-01,1018.6
1871-06-01,1025.4
1871-07-01,1025
1871-08-01,1021.4
1871-09-01,1020
1871-10-01,1020
1871-11-01,1015.9
1871-12-01,1025.5
1872-01-01,1022.2
1872-02-01,1014.6
1872-03-01,1014.8
1872-04-01,1020.3
1872-05-01,1024.6
1872-06-01,1023.5
1872-07-01,1023
1872-08-01,1022
1872-09-01,1020.2
1872-10-01,1025.2
1872-11-01,1020.8
1872-12-01,1020.6
1873-01-01,1021.5
1873-02-01,1021.6
1873-03-01,1021.5
1873-04-01,1013.5
1873-05-01,1021.9
1873-06-01,1025.4
1873-07-01,1024.6
1873-08-01,1027
1873-09-01,1019.1
1873-10-01,1024.2
1873-11-01,1017.4
1873-12-01,1021.2
1874-01-01,1023.8
1874-02-01,1021.2
1874-03-01,1022.6
1874-04-01,1021.5
1874-05-01,1019.9
1874-06-01,1026
1874-07-01,1024.7
1874-08-01,1024
1874-09-01,1023.2
1874-10-01,1021.6
1874-11-01,1019.4
1874-12-01,1027.4
1875-01-01,1017.2
1875-02-01,1019.1
1875-03-01,1016.8
1875-04-01,1016.7
1875-05-01,1020.8
1875-06-01,1027.2
1875-07-01,1025.4
1875-08-01,1019.9
1875-09-01,1019
1875-10-01,1020.6
1875-11-01,1015.2
1875-12-01,1016
1876-01-01,1022.2
1876-02-01,1017.1
1876-03-01,1021.9
1876-04-01,1024.2
1876-05-01,1024.7
1876-06-01,1027.1
1876-07-01,1024.2
1876-08-01,1023.2
1876-09-01,1017.9
1876-10-01,1014.6
1876-11-01,1007.5
1876-12-01,1012.4
1877-01-01,1019.8
1877-02-01,1025
1877-03-01,1019.8
1877-04-01,1014
1877-05-01,1017.1
1877-06-01,1022.2
1877-07-01,1026.7
1877-08-01,1016.7
1877-09-01,1017.9
1877-10-01,1018.2
1877-11-01,1022.7
1877-12-01,1027.2
1878-01-01,1027.1
1878-02-01,1018.3
1878-03-01,1024.3
1878-04-01,1011.4
1878-05-01,1017
1878-06-01,1021.9
1878-07-01,1025.5
1878-08-01,1018.3
1878-09-01,1022.3
1878-10-01,1016.8
1878-11-01,1016.3
1878-12-01,1008.3
1879-01-01,1019.9
1879-02-01,1023.1
1879-03-01,1024.4
1879-04-01,1021.5
1879-05-01,1024.4
1879-06-01,1019.9
1879-07-01,1025.8
1879-08-01,1021.6
1879-09-01,1023.9
1879-10-01,1021.5
1879-11-01,1011.2
1879-12-01,1014.8
1880-01-01,1018.4
1880-02-01,1018
1880-03-01,1022.1
1880-04-01,1022.4
1880-05-01,1020.4
1880-06-01,1024.6
1880-07-01,1021.4
1880-08-01,1021.8
1880-09-01,1019.8
1880-10-01,1014.4
1880-11-01,1022.3
1880-12-01,1018
1881-01-01,1001
1881-02-01,1020.2
1881-03-01,1007.9
1881-04-01,1016.2
1881-05-01,1023.6
1881-06-01,1025.1
1881-07-01,1026.4
1881-08-01,1022.3
1881-09-01,1017.8
1881-10-01,1020.3
1881-11-01,1018.2
1881-12-01,1026.3
1882-01-01,1023.4
1882-02-01,1021.4
1882-03-01,1029.2
1882-04-01,1021.2
1882-05-01,1019.2
1882-06-01,1026.3
1882-07-01,1025.8
1882-08-01,1025
1882-09-01,1024.6
1882-10-01,1019.4
1882-11-01,1025
1882-12-01,1019.9
1883-01-01,1019.2
1883-02-01,1023.5
1883-03-01,1016.2
1883-04-01,1021.5
1883-05-01,1025.2
1883-06-01,1020
1883-07-01,1022.8
1883-08-01,1024.3
1883-09-01,1021.2
1883-10-01,1024
1883-11-01,1022.3
1883-12-01,1023.2
1884-01-01,1021.8
1884-02-01,1018.4
1884-03-01,1020.3
1884-04-01,1014.7
1884-05-01,1022.3
1884-06-01,1024.2
1884-07-01,1022
1884-08-01,1021.4
1884-09-01,1023
1884-10-01,1024.2
1884-11-01,1018.3
1884-12-01,1024.3
1885-01-01,1017.8
1885-02-01,1011.4
1885-03-01,1025.4
1885-04-01,1023.9
1885-05-01,1019.5
1885-06-01,1025
1885-07-01,1025.5
1885-08-01,1018.8
1885-09-01,1024
1885-10-01,1022.3
1885-11-01,1014.7
1885-12-01,1017.6
1886-01-01,1025.1
1886-02-01,1021.4
1886-03-01,1015
1886-04-01,1017
1886-05-01,1021.4
1886-06-01,1023.1
1886-07-01,1025.8
1886-08-01,1024.4
1886-09-01,1019.9
1886-10-01,1021.2
1886-11-01,1023.2
1886-12-01,1021.1
1887-01-01,1021.9
1887-02-01,1022.3
1887-03-01,1011.8
1887-04-01,1013.8
1887-05-01,1022.7
1887-06-01,1020.2
1887-07-01,1024.4
1887-08-01,1020.7
1887-09-01,1022.8
1887-10-01,1013.1
1887-11-01,1019.2
1887-12-01,1013.6
1888-01-01,1019
1888-02-01,1016.4
1888-03-01,1016.4
1888-04-01,1023.2
1888-05-01,1019.6
1888-06-01,1021.9
1888-07-01,1024.6
1888-08-01,1023.9
1888-09-01,1016
1888-10-01,1014.6
1888-11-01,1023.1
1888-12-01,1021.1
1889-01-01,1027.1
1889-02-01,1028.2
1889-03-01,1021
1889-04-01,1026.8
1889-05-01,1019.5
1889-06-01,1024.7
1889-07-01,1023.2
1889-08-01,1024.4
1889-09-01,1021.6
1889-10-01,1023.8
1889-11-01,1023.9
1889-12-01,1028.8
1890-01-01,1023.8
1890-02-01,1019
1890-03-01,1024
1890-04-01,1025
1890-05-01,1020
1890-06-01,1027.1
1890-07-01,1027.2
1890-08-01,1024.4
1890-09-01,1022.7
1890-10-01,1022.3
1890-11-01,1025.8
1890-12-01,1019.6
1891-01-01,1024.4
1891-02-01,1019.4
1891-03-01,1016.6
1891-04-01,1018.2
1891-05-01,1021.6
1891-06-01,1019
1891-07-01,1020.8
1891-08-01,1024.3
1891-09-01,1023
1891-10-01,1018.3
1891-11-01,1020.2
1891-12-01,1023.6
1892-01-01,1024.2
1892-02-01,1016.7
1892-03-01,1015
1892-04-01,1020.4
1892-05-01,1019.6
1892-06-01,1022.6
1892-07-01,1025.9
1892-08-01,1024
1892-09-01,1023
1892-10-01,1015.5
1892-11-01,1021.8
1892-12-01,1018.4
1893-01-01,1016.3
1893-02-01,1021
1893-03-01,1014
1893-04-01,1018.6
1893-05-01,1017.4
1893-06-01,1018
1893-07-01,1026.4
1893-08-01,1019.4
1893-09-01,1025.5
1893-10-01,1021.6
1893-11-01,1016.6
1893-12-01,1025.4
1894-01-01,1020.6
1894-02-01,1025.5
1894-03-01,1019.7
1894-04-01,1023.9
1894-05-01,1022.4
1894-06-01,1025.5
1894-07-01,1027.2
1894-08-01,1024.4
1894-09-01,1018
1894-10-01,1013
1894-11-01,1021.1
1894-12-01,1022.6
1895-01-01,1018.6
1895-02-01,1001.4
1895-03-01,1022.1
1895-04-01,1017.6
1895-05-01,1021.7
1895-06-01,1024
1895-07-01,1024.4
1895-08-01,1023.2
1895-09-01,1019.5
1895-10-01,1014.1
1895-11-01,1014.7
1895-12-01,1018.3
1896-01-01,1019.8
1896-02-01,1019
1896-03-01,1026.7
1896-04-01,1026.6
1896-05-01,1024.5
1896-06-01,1022.8
1896-07-01,1027.2
1896-08-01,1026.1
1896-09-01,1021.6
1896-10-01,1018.9
1896-11-01,1016.2
1896-12-01,1023.4
1897-01-01,1019.3
1897-02-01,1023
1897-03-01,1022.2
1897-04-01,1024.8
1897-05-01,1020.9
1897-06-01,1022.4
1897-07-01,1022.8
1897-08-01,1024.4
1897-09-01,1024.9
1897-10-01,1014.6
1897-11-01,1020.2
1897-12-01,1021.1
1898-01-01,1022.4
1898-02-01,1022.2
1898-03-01,1018.9
1898-04-01,1021.9
1898-05-01,1019.6
1898-06-01,1019.4
1898-07-01,1023.2
1898-08-01,1022.4
1898-09-01,1018.1
1898-10-01,1016.8
1898-11-01,1019.7
1898-12-01,1018.8
1899-01-01,1014.6
1899-02-01,1008
1899-03-01,1013
1899-04-01,1022.2
1899-05-01,1020.7
1899-06-01,1026.4
1899-07-01,1026.8
1899-08-01,1020.9
1899-09-01,1024.4
1899-10-01,1012.4
1899-11-01,1019.3
1899-12-01,1018.7
1/1/1900,1026.2
2/1/1900,1010.7
3/1/1900,1018.6
4/1/1900,1022.2
5/1/1900,1023.6
6/1/1900,1023.2
7/1/1900,1024.4
8/1/1900,1025.1
9/1/1900,1024.1
10/1/1900,1021
11/1/1900,1025.7
12/1/1900,1020.4
1/1/1901,1018.4
2/1/1901,1013.3
3/1/1901,1016.5
4/1/1901,1021.4
5/1/1901,1017.7
6/1/1901,1025.1
7/1/1901,1026
8/1/1901,1025.2
9/1/1901,1021.5
10/1/1901,1026.4
11/1/1901,1016.1
12/1/1901,1023.4
1/1/1902,1020.9
2/1/1902,1008.5
3/1/1902,1021.4
4/1/1902,1016.5
5/1/1902,1026.1
6/1/1902,1019.6
7/1/1902,1024.2
8/1/1902,1021.5
9/1/1902,1018.9
10/1/1902,1021
11/1/1902,1016.7
12/1/1902,1021.1
1/1/1903,1017.4
2/1/1903,1020.3
3/1/1903,1025.9
4/1/1903,1021.2
5/1/1903,1023.3
6/1/1903,1019.4
7/1/1903,1025.8
8/1/1903,1024.7
9/1/1903,1022.1
10/1/1903,1019.8
11/1/1903,1022.3
12/1/1903,1022.7
1/1/1904,1024.6
2/1/1904,1022.2
3/1/1904,1019.5
4/1/1904,1027.8
5/1/1904,1020.8
6/1/1904,1022.3
7/1/1904,1022.5
8/1/1904,1022.8
9/1/1904,1023.7
10/1/1904,1017.7
11/1/1904,1019.7
12/1/1904,1017.1
1/1/1905,1021.6
2/1/1905,1028.8
3/1/1905,1021
4/1/1905,1019.9
5/1/1905,1024.7
6/1/1905,1022.2
7/1/1905,1024.5
8/1/1905,1025.3
9/1/1905,1023.7
10/1/1905,1019.3
11/1/1905,1023.3
12/1/1905,1015.1
1/1/1906,1023.3
2/1/1906,1028.3
3/1/1906,1019
4/1/1906,1026
5/1/1906,1018.1
6/1/1906,1021.9
7/1/1906,1027.4
8/1/1906,1021.9
9/1/1906,1024.4
10/1/1906,1021
11/1/1906,1020.9
12/1/1906,1028.2
1/1/1907,1026.2
2/1/1907,1026
3/1/1907,1029
4/1/1907,1023.5
5/1/1907,1017
6/1/1907,1025
7/1/1907,1024.6
8/1/1907,1023.5
9/1/1907,1021.1
10/1/1907,1022.2
11/1/1907,1023.5
12/1/1907,1021
1/1/1908,1024.2
2/1/1908,1031.8
3/1/1908,1028.7
4/1/1908,1022
5/1/1908,1022
6/1/1908,1025.8
7/1/1908,1026
8/1/1908,1022.9
9/1/1908,1021.3
10/1/1908,1014.1
11/1/1908,1019.7
12/1/1908,1024.6
1/1/1909,1024
2/1/1909,1019.8
3/1/1909,1016.4
4/1/1909,1020.7
5/1/1909,1018.3
6/1/1909,1026.3
7/1/1909,1028.9
8/1/1909,1024.7
9/1/1909,1020.9
10/1/1909,1024.9
11/1/1909,1014.1
12/1/1909,1011.5
1/1/1910,1027.2
2/1/1910,1028.4
3/1/1910,1024.6
4/1/1910,1019.4
5/1/1910,1026.7
6/1/1910,1025.5
7/1/1910,1025.8
8/1/1910,1024.3
9/1/1910,1020.9
10/1/1910,1019
11/1/1910,1019.1
12/1/1910,1018.2
1/1/1911,1024.5
2/1/1911,1021.5
3/1/1911,1023.4
4/1/1911,1020.3
5/1/1911,1024.4
6/1/1911,1025.6
7/1/1911,1023.8
8/1/1911,1022.5
9/1/1911,1020.9
10/1/1911,1022.4
11/1/1911,1019.7
12/1/1911,1017.5
1/1/1912,1017
2/1/1912,1004.9
3/1/1912,1024.6
4/1/1912,1025.5
5/1/1912,1021.3
6/1/1912,1025.4
7/1/1912,1025.4
8/1/1912,1023.3
9/1/1912,1020.7
10/1/1912,1022.8
11/1/1912,1023.7
12/1/1912,1022.8
1/1/1913,1018.4
2/1/1913,1018.6
3/1/1913,1025.3
4/1/1913,1024.3
5/1/1913,1024.3
6/1/1913,1028
7/1/1913,1025.2
8/1/1913,1025.3
9/1/1913,1021.5
10/1/1913,1015.2
11/1/1913,1025.3
12/1/1913,1022.3
1/1/1914,1017.2
2/1/1914,1020.6
3/1/1914,1026.2
4/1/1914,1021.8
5/1/1914,1027.1
6/1/1914,1028.2
7/1/1914,1025.7
8/1/1914,1024.3
9/1/1914,1022.7
10/1/1914,1019
11/1/1914,1019.3
12/1/1914,1021
1/1/1915,1024
2/1/1915,1023
3/1/1915,1009.3
4/1/1915,1026.6
5/1/1915,1017.7
6/1/1915,1020.7
7/1/1915,1026.5
8/1/1915,1021.1
9/1/1915,1021.7
10/1/1915,1024
11/1/1915,1014.5
12/1/1915,1015
1/1/1916,1025.3
2/1/1916,1027.2
3/1/1916,1013.7
4/1/1916,1022.8
5/1/1916,1022.1
6/1/1916,1022.3
7/1/1916,1025.7
8/1/1916,1021.2
9/1/1916,1022.1
10/1/1916,1024.6
11/1/1916,1018.7
12/1/1916,1010.2
1/1/1917,1017.3
2/1/1917,1017.6
3/1/1917,1019.8
4/1/1917,1016.2
5/1/1917,1016.6
6/1/1917,1026.3
7/1/1917,1025.2
8/1/1917,1024.5
9/1/1917,1023.7
10/1/1917,1026.2
11/1/1917,1026.2
12/1/1917,1022.3
1/1/1918,1005.2
2/1/1918,1027.8
3/1/1918,1021
4/1/1918,1022
5/1/1918,1021.6
6/1/1918,1025.5
7/1/1918,1022.6
8/1/1918,1025.6
9/1/1918,1024.5
10/1/1918,1025.2
11/1/1918,1018.5
12/1/1918,1024.7
1/1/1919,1022.1
2/1/1919,1008.5
3/1/1919,1023.8
4/1/1919,1023.8
5/1/1919,1018.5
6/1/1919,1029.1
7/1/1919,1026.6
8/1/1919,1023.6
9/1/1919,1023.3
10/1/1919,1018.1
11/1/1919,1018.5
12/1/1919,1027.6
1/1/1920,1027.7
2/1/1920,1023.9
3/1/1920,1027.5
4/1/1920,1016.9
5/1/1920,1023.9
6/1/1920,1024
7/1/1920,1028
8/1/1920,1022.5
9/1/1920,1022.9
10/1/1920,1018.4
11/1/1920,1021.4
12/1/1920,1015
1/1/1921,1025.6
2/1/1921,1020.7
3/1/1921,1026.1
4/1/1921,1018.3
5/1/1921,1027.6
6/1/1921,1023.6
7/1/1921,1023.8
8/1/1921,1025.3
9/1/1921,1021.7
10/1/1921,1015.5
11/1/1921,1019.3
12/1/1921,1027.9
1/1/1922,1021.6
2/1/1922,1023.6
3/1/1922,1024.3
4/1/1922,1023.8
5/1/1922,1024.1
6/1/1922,1026.8
7/1/1922,1027.8
8/1/1922,1025.2
9/1/1922,1026.7
10/1/1922,1013.2
11/1/1922,1020.5
12/1/1922,1023.1
1/1/1923,1028.2
2/1/1923,1017.9
3/1/1923,1018.7
4/1/1923,1023.5
5/1/1923,1020.7
6/1/1923,1025.9
7/1/1923,1026.9
8/1/1923,1023.6
9/1/1923,1024.8
10/1/1923,1019.7
11/1/1923,1023.4
12/1/1923,1026.7
1/1/1924,1018.9
2/1/1924,1019.1
3/1/1924,1005.4
4/1/1924,1017.5
5/1/1924,1021.9
6/1/1924,1026.3
7/1/1924,1025.3
8/1/1924,1025.6
9/1/1924,1022.7
10/1/1924,1020.6
11/1/1924,1022.5
12/1/1924,1022.8
1/1/1925,1021.3
2/1/1925,1028
3/1/1925,1019
4/1/1925,1024.7
5/1/1925,1023.2
6/1/1925,1025.4
7/1/1925,1028.4
8/1/1925,1024.4
9/1/1925,1022.1
10/1/1925,1016.4
11/1/1925,1017.4
12/1/1925,1007.8
1/1/1926,1018.9
2/1/1926,1017.4
3/1/1926,1020.7
4/1/1926,1021.2
5/1/1926,1019.5
6/1/1926,1021
7/1/1926,1024.4
8/1/1926,1023.6
9/1/1926,1018.3
10/1/1926,1017.8
11/1/1926,1025.3
12/1/1926,1020.4
1/1/1927,1027.8
2/1/1927,1020.3
3/1/1927,1023.7
4/1/1927,1022.8
5/1/1927,1018
6/1/1927,1025
7/1/1927,1024.2
8/1/1927,1023.2
9/1/1927,1023.5
10/1/1927,1013.5
11/1/1927,1021.4
12/1/1927,1012.1
1/1/1928,1029.3
2/1/1928,1023.6
3/1/1928,1016.2
4/1/1928,1018.6
5/1/1928,1017.3
6/1/1928,1018.7
7/1/1928,1024.6
8/1/1928,1021.7
9/1/1928,1019.6
10/1/1928,1026
11/1/1928,1024.1
12/1/1928,1024
1/1/1929,1010
2/1/1929,1017.4
3/1/1929,1014.1
4/1/1929,1016.7
5/1/1929,1026.7
6/1/1929,1022.6
7/1/1929,1026.2
8/1/1929,1024.4
9/1/1929,1022.5
10/1/1929,1024.9
11/1/1929,1022.1
12/1/1929,1022.6
1/1/1930,1021.8
2/1/1930,1021
3/1/1930,1017
4/1/1930,1021.1
5/1/1930,1025.5
6/1/1930,1025.4
7/1/1930,1023.8
8/1/1930,1022.8
9/1/1930,1020.1
10/1/1930,1020.6
11/1/1930,1021.8
12/1/1930,1025.8
1/1/1931,1023.2
2/1/1931,1029.1
3/1/1931,1005.4
4/1/1931,1022.2
5/1/1931,1021.7
6/1/1931,1021.6
7/1/1931,1027.6
8/1/1931,1022
9/1/1931,1022
10/1/1931,1016.5
11/1/1931,1019.7
12/1/1931,1022
1/1/1932,1021.4
2/1/1932,1012.9
3/1/1932,1015.8
4/1/1932,1026.3
5/1/1932,1021.5
6/1/1932,1023
7/1/1932,1027.6
8/1/1932,1024.4
9/1/1932,1022.4
10/1/1932,1026.2
11/1/1932,1019.7
12/1/1932,1017.5
1/1/1933,1020.4
2/1/1933,1015.9
3/1/1933,1020.2
4/1/1933,1018.4
5/1/1933,1022.8
6/1/1933,1027.2
7/1/1933,1028.2
8/1/1933,1023.9
9/1/1933,1021.9
10/1/1933,1016.4
11/1/1933,1023.1
12/1/1933,1022.4
1/1/1934,1025.2
2/1/1934,1025.1
3/1/1934,1026.9
4/1/1934,1016.6
5/1/1934,1024.5
6/1/1934,1021.6
7/1/1934,1025.8
8/1/1934,1025.9
9/1/1934,1023.3
10/1/1934,1022.2
11/1/1934,1018.1
12/1/1934,1014.7
1/1/1935,1024.1
2/1/1935,1026
3/1/1935,1020.7
4/1/1935,1018.8
5/1/1935,1021.6
6/1/1935,1024.4
7/1/1935,1028.1
8/1/1935,1026
9/1/1935,1023.2
10/1/1935,1028.1
11/1/1935,1022.2
12/1/1935,1018.3
1/1/1936,1010.5
2/1/1936,1010.7
3/1/1936,1014.6
4/1/1936,1020.3
5/1/1936,1023.9
6/1/1936,1024.4
7/1/1936,1027.2
8/1/1936,1025.9
9/1/1936,1018.8
10/1/1936,1026
11/1/1936,1025.9
12/1/1936,1023.1
1/1/1937,1016.4
2/1/1937,1016.7
3/1/1937,1017.3
4/1/1937,1020.6
5/1/1937,1022.7
6/1/1937,1021
7/1/1937,1023.2
8/1/1937,1023.2
9/1/1937,1022
10/1/1937,1019.2
11/1/1937,1010.8
12/1/1937,1020.2
1/1/1938,1026.4
2/1/1938,1017.4
3/1/1938,1024.2
4/1/1938,1015.8
5/1/1938,1025.6
6/1/1938,1025
7/1/1938,1027.6
8/1/1938,1026.4
9/1/1938,1024.5
10/1/1938,1024.9
11/1/1938,1021.7
12/1/1938,1021
1/1/1939,1015.2
2/1/1939,1024.6
3/1/1939,1022.7
4/1/1939,1019.6
5/1/1939,1022.1
6/1/1939,1024.2
7/1/1939,1026
8/1/1939,1024.1
9/1/1939,1017.2
10/1/1939,1021.2
11/1/1939,1024.5
12/1/1939,1017.2
1/1/1940,1013.9
2/1/1940,1011.1
3/1/1940,1014.2
4/1/1940,1020.2
5/1/1940,1018.7
6/1/1940,1025.6
7/1/1940,1028
8/1/1940,1024.3
9/1/1940,1022.4
10/1/1940,1019.2
11/1/1940,1024.2
12/1/1940,1022.3
1/1/1941,1014.7
2/1/1941,1016.6
3/1/1941,1021.1
4/1/1941,1019.3
5/1/1941,1023.9
6/1/1941,1024
7/1/1941,1026.2
8/1/1941,1024.9
9/1/1941,1019.9
10/1/1941,1020.6
11/1/1941,1016
12/1/1941,1023.4
1/1/1942,1027.4
2/1/1942,1013.3
3/1/1942,1009.5
4/1/1942,1019
5/1/1942,1020.9
6/1/1942,1021.4
7/1/1942,1027.2
8/1/1942,1025.7
9/1/1942,1023.9
10/1/1942,1022
11/1/1942,1016.5
12/1/1942,1018.5
1/1/1943,1015.9
2/1/1943,1031.3
3/1/1943,1018.8
4/1/1943,1025.3
5/1/1943,1022.7
6/1/1943,1026.2
7/1/1943,1025.8
8/1/1943,1023.7
9/1/1943,1026.1
10/1/1943,1019.1
11/1/1943,1027.6
12/1/1943,1024.5
1/1/1944,1022
2/1/1944,1023.7
3/1/1944,1012.9
4/1/1944,1018.1
5/1/1944,1023
6/1/1944,1023.6
7/1/1944,1022.3
8/1/1944,1025.1
9/1/1944,1024.1
10/1/1944,1025.2
11/1/1944,1020.7
12/1/1944,1024.8
1/1/1945,1020.6
2/1/1945,1026
3/1/1945,1021.7
4/1/1945,1012.4
5/1/1945,1019.3
6/1/1945,1024.6
7/1/1945,1026
8/1/1945,1025.8
9/1/1945,1021.7
10/1/1945,1016.3
11/1/1945,1010
12/1/1945,1013.8
1/1/1946,1023.5
2/1/1946,1022.1
3/1/1946,1020.3
4/1/1946,1026.8
5/1/1946,1018.6
6/1/1946,1027.7
7/1/1946,1027.1
8/1/1946,1026.5
9/1/1946,1023.8
10/1/1946,1013.5
11/1/1946,1019.3
12/1/1946,1025.3
1/1/1947,1017
2/1/1947,1010
3/1/1947,1010
4/1/1947,1026.4
5/1/1947,1020.6
6/1/1947,1022.6
7/1/1947,1024.4
8/1/1947,1023
9/1/1947,1025.5
10/1/1947,1021
11/1/1947,1017.7
12/1/1947,1017.3
1/1/1948,1019.6
2/1/1948,1016.9
3/1/1948,1022.8
4/1/1948,1025.6
5/1/1948,1021.4
6/1/1948,1025.2
7/1/1948,1024.8
8/1/1948,1023.8
9/1/1948,1022.6
10/1/1948,1023.4
11/1/1948,1013.5
12/1/1948,1017.7
1/1/1949,1024
2/1/1949,1022.1
3/1/1949,1021.1
4/1/1949,1024.2
5/1/1949,1023.5
6/1/1949,1023
7/1/1949,1025.6
8/1/1949,1021.4
9/1/1949,1021.3
10/1/1949,1020
11/1/1949,1022.9
12/1/1949,1021.3
1/1/1950,1019.2
2/1/1950,1023.3
3/1/1950,1018.9
4/1/1950,1023.4
5/1/1950,1019
6/1/1950,1022.5
7/1/1950,1024.2
8/1/1950,1023.4
9/1/1950,1025.5
10/1/1950,1022
11/1/1950,1017.6
12/1/1950,1022.4
1/1/1951,1024.4
2/1/1951,1024.6
3/1/1951,1014.3
4/1/1951,1017.8
5/1/1951,1019.9
6/1/1951,1019.8
7/1/1951,1024.4
8/1/1951,1026.3
9/1/1951,1021.3
10/1/1951,1022
11/1/1951,1020.3
12/1/1951,1023.2
1/1/1952,1030.4
2/1/1952,1016.6
3/1/1952,1010.3
4/1/1952,1023.8
5/1/1952,1018.9
6/1/1952,1023.8
7/1/1952,1027.4
8/1/1952,1023.3
9/1/1952,1022.3
10/1/1952,1018
11/1/1952,1017.3
12/1/1952,1022.2
1/1/1953,1015.4
2/1/1953,1023.6
3/1/1953,1022.3
4/1/1953,1015.8
5/1/1953,1019.9
6/1/1953,1026.8
7/1/1953,1028.4
8/1/1953,1025.3
9/1/1953,1023.3
10/1/1953,1021
11/1/1953,1020.3
12/1/1953,1020.2
1/1/1954,1025.4
2/1/1954,1025.6
3/1/1954,1020.3
4/1/1954,1024.8
5/1/1954,1019.9
6/1/1954,1026.8
7/1/1954,1029.4
8/1/1954,1024.3
9/1/1954,1027.3
10/1/1954,1020
11/1/1954,1020.3
12/1/1954,1024.2
1/1/1955,1013.4
2/1/1955,1013.6
3/1/1955,1013.3
4/1/1955,1020.8
5/1/1955,1022.9
6/1/1955,1023.8
7/1/1955,1026.4
8/1/1955,1023.3
9/1/1955,1026.3
10/1/1955,1019
11/1/1955,1012.3
12/1/1955,1019.2
1/1/1956,1019.4
2/1/1956,1014.6
3/1/1956,1020.3
4/1/1956,1018.8
5/1/1956,1028.9
6/1/1956,1027.8
7/1/1956,1025.4
8/1/1956,1024.3
9/1/1956,1021.3
10/1/1956,1021
11/1/1956,1023.3
12/1/1956,1024.2
1/1/1957,1024.4
2/1/1957,1016.6
3/1/1957,1010.3
4/1/1957,1024.8
5/1/1957,1024.9
6/1/1957,1020.8
7/1/1957,1025.4
8/1/1957,1025.3
9/1/1957,1021.3
10/1/1957,1021
11/1/1957,1016.3
12/1/1957,1025.2
1/1/1958,1017.4
2/1/1958,1011.6
3/1/1958,1012.3
4/1/1958,1024.8
5/1/1958,1023.9
6/1/1958,1022.8
7/1/1958,1024.4
8/1/1958,1023.3
9/1/1958,1019.3
10/1/1958,1023
11/1/1958,1024.3
12/1/1958,1019.2
1/1/1959,1014.4
2/1/1959,1024.6
3/1/1959,1019.3
4/1/1959,1022.8
5/1/1959,1021.9
6/1/1959,1025.8
7/1/1959,1027.4
8/1/1959,1022.3
9/1/1959,1020.3
10/1/1959,1021
11/1/1959,1023.3
12/1/1959,1024.2
1/1/1960,1015.4
2/1/1960,1006.6
3/1/1960,1016.3
4/1/1960,1022.8
5/1/1960,1020.9
6/1/1960,1025.8
7/1/1960,1028.4
8/1/1960,1021.3
9/1/1960,1024.3
10/1/1960,1016
11/1/1960,1020.3
12/1/1960,1027.2
1/1/1961,1025
2/1/1961,1020
3/1/1961,1018
4/1/1961,1016
5/1/1961,1018
6/1/1961,1027
7/1/1961,1026.3
8/1/1961,1023
9/1/1961,1022
10/1/1961,1023
11/1/1961,1018
12/1/1961,1009
1/1/1962,1026
2/1/1962,1028
3/1/1962,1010
4/1/1962,1022
5/1/1962,1023
6/1/1962,1022
7/1/1962,1024
8/1/1962,1025
9/1/1962,1020
10/1/1962,1019
11/1/1962,1021
12/1/1962,1018
1/1/1963,1008
2/1/1963,1018
3/1/1963,1019
4/1/1963,1017
5/1/1963,1029
6/1/1963,1021
7/1/1963,1022
8/1/1963,1025
9/1/1963,1024
10/1/1963,1020
11/1/1963,1016
12/1/1963,1016
1/1/1964,1015
2/1/1964,1013
3/1/1964,1012
4/1/1964,1025
5/1/1964,1022
6/1/1964,1022
7/1/1964,1025
8/1/1964,1021
9/1/1964,1021
10/1/1964,1023
11/1/1964,1021
12/1/1964,1022
1/1/1965,1020
2/1/1965,1012
3/1/1965,1018
4/1/1965,1028
5/1/1965,1022
6/1/1965,1024
7/1/1965,1026
8/1/1965,1023
9/1/1965,1022
10/1/1965,1017
11/1/1965,1021
12/1/1965,1024
1/1/1966,1008
2/1/1966,1009
3/1/1966,1022
4/1/1966,1016
5/1/1966,1025
6/1/1966,1024
7/1/1966,1027
8/1/1966,1021
9/1/1966,1020
10/1/1966,1014
11/1/1966,1024
12/1/1966,1026
1/1/1967,1019
2/1/1967,1022
3/1/1967,1026
4/1/1967,1022
5/1/1967,1022
6/1/1967,1026
7/1/1967,1024
8/1/1967,1023
9/1/1967,1021
10/1/1967,1023
11/1/1967,1023
12/1/1967,1022
1/1/1968,1025
2/1/1968,1014
3/1/1968,1025
4/1/1968,1017
5/1/1968,1024
6/1/1968,1023
7/1/1968,1024
8/1/1968,1023
9/1/1968,1021
10/1/1968,1014
11/1/1968,1014
12/1/1968,1020
1/1/1969,1010
2/1/1969,1009
3/1/1969,1010
4/1/1969,1026
5/1/1969,1021
6/1/1969,1022
7/1/1969,1025
8/1/1969,1022
9/1/1969,1025
10/1/1969,1018
11/1/1969,1019
12/1/1969,1028
1/1/1970,1006
2/1/1970,1028
3/1/1970,1018
4/1/1970,1024
5/1/1970,1023
6/1/1970,1025
7/1/1970,1024
8/1/1970,1022
9/1/1970,1022
10/1/1970,1020
11/1/1970,1021
12/1/1970,1021
1/1/1971,1015.8
2/1/1971,1022.7
3/1/1971,1023.2
4/1/1971,1015.9
5/1/1971,1024
6/1/1971,1024.6
7/1/1971,1023.9
8/1/1971,1025.5
9/1/1971,1018.5
10/1/1971,1018.3
11/1/1971,1027.1
12/1/1971,1023.1
1/1/1972,1020.8
2/1/1972,1021.5
3/1/1972,1020.4
4/1/1972,1024.6
5/1/1972,1027.3
6/1/1972,1027.1
7/1/1972,1023
8/1/1972,1023.4
9/1/1972,1017.7
10/1/1972,1016.4
11/1/1972,1023.7
12/1/1972,1022.1
1/1/1973,1021.7
2/1/1973,1031.1
3/1/1973,1020.5
4/1/1973,1015.7
5/1/1973,1020.4
6/1/1973,1025.7
7/1/1973,1026.5
8/1/1973,1024
9/1/1973,1021.7
10/1/1973,1019.7
11/1/1973,1019.8
12/1/1973,1024.6
1/1/1974,1021
2/1/1974,1023.9
3/1/1974,1019.8
4/1/1974,1021.6
5/1/1974,1020.2
6/1/1974,1020.4
7/1/1974,1026.5
8/1/1974,1023.8
9/1/1974,1023.5
10/1/1974,1023.2
11/1/1974,1021.3
12/1/1974,1025.3
1/1/1975,1023.4
2/1/1975,1015.8
3/1/1975,1019.6
4/1/1975,1024.1
5/1/1975,1023
6/1/1975,1023.3
7/1/1975,1022.8
8/1/1975,1022.7
9/1/1975,1024.6
10/1/1975,1018.7
11/1/1975,1023.2
12/1/1975,1021.2
1/1/1976,1024.8
2/1/1976,1020.9
3/1/1976,1022.7
4/1/1976,1023.4
5/1/1976,1024.1
6/1/1976,1023
7/1/1976,1021.2
8/1/1976,1017.7
9/1/1976,1016.6
10/1/1976,1020.9
11/1/1976,1023
12/1/1976,1016.9
1/1/1977,1018.6
2/1/1977,1016.8
3/1/1977,1016.8
4/1/1977,1023.7
5/1/1977,1024.1
6/1/1977,1022.6
7/1/1977,1027.1
8/1/1977,1024.7
9/1/1977,1020.5
10/1/1977,1019.7
11/1/1977,1017.3
12/1/1977,1014.7
1/1/1978,1028.4
2/1/1978,1006.7
3/1/1978,1026.4
4/1/1978,1019.2
5/1/1978,1023.3
6/1/1978,1026.1
7/1/1978,1023.2
8/1/1978,1020.7
9/1/1978,1022.2
10/1/1978,1018.4
11/1/1978,1023.9
12/1/1978,1011.7
1/1/1979,1014
2/1/1979,1014.1
3/1/1979,1023.5
4/1/1979,1020.9
5/1/1979,1023.1
6/1/1979,1023.4
7/1/1979,1025.8
8/1/1979,1023.7
9/1/1979,1021.7
10/1/1979,1019
11/1/1979,1021
12/1/1979,1022
1/1/1980,1017.8
2/1/1980,1022.1
3/1/1980,1019.9
4/1/1980,1018.1
5/1/1980,1019.5
6/1/1980,1027.3
7/1/1980,1024.5
8/1/1980,1020.3
9/1/1980,1024
10/1/1980,1018.5
11/1/1980,1015
12/1/1980,1027.4
1/1/1981,1029.8
2/1/1981,1023.4
3/1/1981,1010.8
4/1/1981,1022.3
5/1/1981,1020.2
6/1/1981,1021
7/1/1981,1027.4
8/1/1981,1023.4
9/1/1981,1020.1
10/1/1981,1023.2
11/1/1981,1017.8
12/1/1981,1018.3
1/1/1982,1017.7
2/1/1982,1020.2
3/1/1982,1025.1
4/1/1982,1017.8
5/1/1982,1023.8
6/1/1982,1020.2
7/1/1982,1024.2
8/1/1982,1026.4
9/1/1982,1020
10/1/1982,1020.8
11/1/1982,1023.3
12/1/1982,1028.1
1/1/1983,1027.6
2/1/1983,1019.5
3/1/1983,1024.6
4/1/1983,1019
5/1/1983,1021
6/1/1983,1024
7/1/1983,1023.8
8/1/1983,1025.8
9/1/1983,1018.9
10/1/1983,1023.7
11/1/1983,1009.2
12/1/1983,1020.8
1/1/1984,1033.6
2/1/1984,1025.3
3/1/1984,1016
4/1/1984,1014.1
5/1/1984,1024.7
6/1/1984,1025.8
7/1/1984,1023.1
8/1/1984,1024.3
9/1/1984,1022.3
10/1/1984,1021.8
11/1/1984,1018.1
12/1/1984,1023.8
1/1/1985,1014.7
2/1/1985,1013.6
3/1/1985,1023.5
4/1/1985,1020.5
5/1/1985,1020.2
6/1/1985,1020.2
7/1/1985,1025
8/1/1985,1023.8
9/1/1985,1019.1
10/1/1985,1019
11/1/1985,1015
12/1/1985,1020.2
1/1/1986,1032.2
2/1/1986,1016.2
3/1/1986,1027.4
4/1/1986,1021.4
5/1/1986,1023
6/1/1986,1025
7/1/1986,1025.5
8/1/1986,1019.8
9/1/1986,1017.7
10/1/1986,1024.4
11/1/1986,1025.7
12/1/1986,1024.3
1/1/1987,1009.8
2/1/1987,1017.3
3/1/1987,1018.3
4/1/1987,1018.6
5/1/1987,1019.3
6/1/1987,1024.5
7/1/1987,1025.3
8/1/1987,1020.1
9/1/1987,1018
10/1/1987,1020.9
11/1/1987,1021.3
12/1/1987,1012.6
1/1/1988,1024.8
2/1/1988,1023.9
3/1/1988,1024
4/1/1988,1016.9
5/1/1988,1019.3
6/1/1988,1024.7
7/1/1988,1025
8/1/1988,1022
9/1/1988,1022.5
10/1/1988,1017.3
11/1/1988,1013.5
12/1/1988,1022.2
1/1/1989,1027.4
2/1/1989,1028.8
3/1/1989,1024.1
4/1/1989,1023
5/1/1989,1019.1
6/1/1989,1021
7/1/1989,1024.7
8/1/1989,1022.6
9/1/1989,1018.5
10/1/1989,1020.3
11/1/1989,1017
12/1/1989,1008.1
1/1/1990,1026.8
2/1/1990,1022.3
3/1/1990,1024.3
4/1/1990,1026.4
5/1/1990,1019.7
6/1/1990,1025.3
7/1/1990,1024.3
8/1/1990,1022.8
9/1/1990,1020.2
10/1/1990,1019.4
11/1/1990,1019
12/1/1990,1023
1/1/1991,1022
2/1/1991,1023
3/1/1991,1018
4/1/1991,1023
5/1/1991,1027
6/1/1991,1023
7/1/1991,1023
8/1/1991,1022
9/1/1991,1021
10/1/1991,1021
11/1/1991,1022
12/1/1991,1021.5
1/1/1992,1018
2/1/1992,1025
3/1/1992,1025
4/1/1992,1024
5/1/1992,1020
6/1/1992,1024
7/1/1992,1024
8/1/1992,1023.6
9/1/1992,1020
10/1/1992,1021
11/1/1992,1019.5
12/1/1992,1023.7
1/1/1993,1023.9
2/1/1993,1025.2
3/1/1993,1018.7
4/1/1993,1023.3
5/1/1993,1015
6/1/1993,1023.5
7/1/1993,1026
8/1/1993,1023.4
9/1/1993,1021.9
10/1/1993,1016.8
11/1/1993,1023.3
12/1/1993,1029.9
1/1/1994,1029.6
2/1/1994,1017.9
3/1/1994,1029.1
4/1/1994,1023
5/1/1994,1020.5
6/1/1994,1024.2
7/1/1994,1024.1
8/1/1994,1022.2
9/1/1994,1023.4
10/1/1994,1017
11/1/1994,1017.5
12/1/1994,1022.8
1/1/1995,1024.5
2/1/1995,1025.2
3/1/1995,1023.4
4/1/1995,1020.1
5/1/1995,1020.3
6/1/1995,1021.7
7/1/1995,1022.1
8/1/1995,1021.7
9/1/1995,1025
10/1/1995,1016.1
11/1/1995,1016.1
12/1/1995,1012.4
1/1/1996,1012.4
2/1/1996,1026.3
3/1/1996,1011.9
4/1/1996,1016.7
5/1/1996,1018.7
6/1/1996,1024.8
7/1/1996,1026.2
8/1/1996,1023.5
9/1/1996,1020.7
10/1/1996,1021.1
11/1/1996,1027
12/1/1996,1013
1/1/1997,1013
2/1/1997,1028.8
3/1/1997,1021.3
4/1/1997,1017
5/1/1997,1019.3
6/1/1997,1019.4
7/1/1997,1026.9
8/1/1997,1022.5
9/1/1997,1020.1
10/1/1997,1014.3
11/1/1997,1017.4
12/1/1997,1017
1/1/1998,1019.3
2/1/1998,1019.2
3/1/1998,1022.5
4/1/1998,1024.5
5/1/1998,1022
6/1/1998,1024.4
7/1/1998,1025.3
8/1/1998,1023.1
9/1/1998,1020
10/1/1998,1022.8
11/1/1998,1021.3
12/1/1998,1022.6
1/1/1999,1024.1
2/1/1999,1029.9
3/1/1999,1020.4
4/1/1999,1023.1
5/1/1999,1019.2
6/1/1999,1025
7/1/1999,1022.1
8/1/1999,1020.2
9/1/1999,1019.4
10/1/1999,1020.8
11/1/1999,1022.9
12/1/1999,1024.9
1/1/2000,1024.8
2/1/2000,1029.2
3/1/2000,1021.8
4/1/2000,1016.8
5/1/2000,1022.3
6/1/2000,1023.9
7/1/2000,1022.1
8/1/2000,1024.4
9/1/2000,1021
10/1/2000,1025
11/1/2000,1019.3
12/1/2000,1013.9
1/1/2001,1020.7
2/1/2001,1021.2
3/1/2001,1011.2
4/1/2001,1025.5
5/1/2001,1018.4
6/1/2001,1021.2
7/1/2001,1026
8/1/2001,1021.9
9/1/2001,1017.7
10/1/2001,1019.6
11/1/2001,1025.4
12/1/2001,1011.7
1/1/2002,1020.5
2/1/2002,1024.7
3/1/2002,1021.3
4/1/2002,1023.1
5/1/2002,1024.2
6/1/2002,1025.9
7/1/2002,1026.9
8/1/2002,-9999
9/1/2002,-9999
10/1/2002,1016.5
11/1/2002,1021.1
12/1/2002,1013.9
