Date,
1821-01-01,1004.5
1821-02-01,1012.3
1821-03-01,1002.8
1821-04-01,1013.1
1821-05-01,1018.6
1821-06-01,-9999
1821-07-01,1015.8
1821-08-01,1010.7
1821-09-01,-9999
1821-10-01,-9999
1821-11-01,-9999
1821-12-01,-9999
1822-01-01,-9999
1822-02-01,-9999
1822-03-01,988.4
1822-04-01,1016
1822-05-01,1003
1822-06-01,1014.3
1822-07-01,1019.5
1822-08-01,1009.7
1822-09-01,1008.7
1822-10-01,1006.1
1822-11-01,1007.5
1822-12-01,997.2
1823-01-01,1017.5
1823-02-01,996.8
1823-03-01,995.2
1823-04-01,1016.6
1823-05-01,1012.7
1823-06-01,1013.8
1823-07-01,1012.3
1823-08-01,1006.9
1823-09-01,1004
1823-10-01,1010
1823-11-01,1006.1
1823-12-01,996.9
1824-01-01,995.7
1824-02-01,999.5
1824-03-01,1015.8
1824-04-01,1006.7
1824-05-01,1008.2
1824-06-01,1025.4
1824-07-01,1021.9
1824-08-01,1014.7
1824-09-01,1004.9
1824-10-01,1015.8
1824-11-01,1006.3
1824-12-01,996.4
1825-01-01,997.8
1825-02-01,1001.4
1825-03-01,1003.9
1825-04-01,1015.1
1825-05-01,1019.8
1825-06-01,1011.2
1825-07-01,1015.8
1825-08-01,1007.1
1825-09-01,1009.8
1825-10-01,997.1
1825-11-01,1001.8
1825-12-01,996
1826-01-01,1008.6
1826-02-01,980.7
1826-03-01,1008.3
1826-04-01,1003.7
1826-05-01,1011.3
1826-06-01,1009.9
1826-07-01,1004.3
1826-08-01,1002.9
1826-09-01,1008.9
1826-10-01,997.4
1826-11-01,1009.9
1826-12-01,1002
1827-01-01,1002.6
1827-02-01,1021.4
1827-03-01,999.3
1827-04-01,1011.2
1827-05-01,1003.3
1827-06-01,1004.1
1827-07-01,1009
1827-08-01,1015.7
1827-09-01,1002.6
1827-10-01,1010.1
1827-11-01,1007.9
1827-12-01,986.3
1828-01-01,998
1828-02-01,995.4
1828-03-01,1007.5
1828-04-01,1007
1828-05-01,1011.8
1828-06-01,1009.1
1828-07-01,1010.4
1828-08-01,1009.7
1828-09-01,1010.4
1828-10-01,1000.3
1828-11-01,1005.7
1828-12-01,983.4
1829-01-01,1007.3
1829-02-01,1006.2
1829-03-01,1015.1
1829-04-01,1010.6
1829-05-01,1007.3
1829-06-01,1014
1829-07-01,1008
1829-08-01,1012.7
1829-09-01,1006.6
1829-10-01,1007.5
1829-11-01,1005
1829-12-01,1000.7
1830-01-01,1010.3
1830-02-01,999.6
1830-03-01,992.9
1830-04-01,1002.3
1830-05-01,1011
1830-06-01,1011.5
1830-07-01,1004.8
1830-08-01,1011
1830-09-01,995.8
1830-10-01,1000.9
1830-11-01,993.3
1830-12-01,1010
1831-01-01,1012.6
1831-02-01,1003.4
1831-03-01,993.2
1831-04-01,1008.4
1831-05-01,1016.3
1831-06-01,1009.6
1831-07-01,1003.7
1831-08-01,1007.5
1831-09-01,1000.1
1831-10-01,995.6
1831-11-01,1007.2
1831-12-01,993.5
1832-01-01,995.4
1832-02-01,987.6
1832-03-01,988
1832-04-01,1010.2
1832-05-01,1020.4
1832-06-01,1013.5
1832-07-01,1018.9
1832-08-01,1012.6
1832-09-01,1006.1
1832-10-01,994.2
1832-11-01,994.8
1832-12-01,986.6
1833-01-01,1006.5
1833-02-01,995.3
1833-03-01,1015.5
1833-04-01,1001.3
1833-05-01,1006.5
1833-06-01,1013.4
1833-07-01,1014.4
1833-08-01,1013.6
1833-09-01,1003.5
1833-10-01,1001.2
1833-11-01,994.2
1833-12-01,989.2
1834-01-01,990.8
1834-02-01,991
1834-03-01,999.2
1834-04-01,1018.8
1834-05-01,1014.8
1834-06-01,1009
1834-07-01,1010.4
1834-08-01,1009.2
1834-09-01,1013.6
1834-10-01,1002
1834-11-01,1006.7
1834-12-01,1005
1835-01-01,1006.3
1835-02-01,991.2
1835-03-01,999.5
1835-04-01,1014.6
1835-05-01,1011.6
1835-06-01,1008.5
1835-07-01,1009.5
1835-08-01,1004.1
1835-09-01,996.9
1835-10-01,1003.7
1835-11-01,1006.9
1835-12-01,1006.5
1836-01-01,993.7
1836-02-01,1002.2
1836-03-01,990.6
1836-04-01,1001.1
1836-05-01,1015
1836-06-01,1006.2
1836-07-01,1002.6
1836-08-01,1001.1
1836-09-01,1012.8
1836-10-01,1006.8
1836-11-01,995.5
1836-12-01,1009.7
1837-01-01,1012.1
1837-02-01,986.2
1837-03-01,1020.5
1837-04-01,1014
1837-05-01,1016
1837-06-01,1014.1
1837-07-01,1013.1
1837-08-01,1012.9
1837-09-01,1001.9
1837-10-01,997.3
1837-11-01,999.6
1837-12-01,997
1838-01-01,1005.1
1838-02-01,1010.8
1838-03-01,1003.6
1838-04-01,1011.9
1838-05-01,1018.2
1838-06-01,1008.3
1838-07-01,1012.1
1838-08-01,1012.6
1838-09-01,999.4
1838-10-01,1001.7
1838-11-01,1015
1838-12-01,988.5
1839-01-01,1003.6
1839-02-01,986.6
1839-03-01,1002
1839-04-01,1003
1839-05-01,1013.5
1839-06-01,1012.4
1839-07-01,1010.3
1839-08-01,1010.1
1839-09-01,1003.8
1839-10-01,1003
1839-11-01,1011.1
1839-12-01,1008.2
1840-01-01,996.5
1840-02-01,1006.3
1840-03-01,1025.7
1840-04-01,1004.6
1840-05-01,1022.9
1840-06-01,1011.6
1840-07-01,1006.2
1840-08-01,1004.7
1840-09-01,1004.1
1840-10-01,1011.6
1840-11-01,1003.5
1840-12-01,1008.4
1841-01-01,1015.8
1841-02-01,1004.6
1841-03-01,995.9
1841-04-01,1000.8
1841-05-01,1006.5
1841-06-01,1014.1
1841-07-01,1013.8
1841-08-01,1005.9
1841-09-01,1016.1
1841-10-01,1010.8
1841-11-01,1010
1841-12-01,1002.4
1842-01-01,992.9
1842-02-01,981.1
1842-03-01,991.6
1842-04-01,1013
1842-05-01,1007.7
1842-06-01,1011.9
1842-07-01,1012.9
1842-08-01,999.2
1842-09-01,1009.4
1842-10-01,1015.5
1842-11-01,1011.9
1842-12-01,987.5
1843-01-01,990.1
1843-02-01,1016.3
1843-03-01,1011.3
1843-04-01,1007.3
1843-05-01,1020.8
1843-06-01,1015
1843-07-01,1006.9
1843-08-01,1002.2
1843-09-01,1011.2
1843-10-01,1012
1843-11-01,993.1
1843-12-01,994.8
1844-01-01,1004.4
1844-02-01,1005.6
1844-03-01,997.7
1844-04-01,995.7
1844-05-01,1017.5
1844-06-01,1014.5
1844-07-01,1012.6
1844-08-01,1011.2
1844-09-01,1009
1844-10-01,1002.7
1844-11-01,1002.6
1844-12-01,1005.8
1845-01-01,991.8
1845-02-01,1002.4
1845-03-01,1009.5
1845-04-01,1009.4
1845-05-01,1014.5
1845-06-01,1005
1845-07-01,1014.5
1845-08-01,1013.1
1845-09-01,1005.1
1845-10-01,1000.6
1845-11-01,994.8
1845-12-01,997.6
1846-01-01,991.7
1846-02-01,1004.6
1846-03-01,1001.7
1846-04-01,1014.2
1846-05-01,1005.6
1846-06-01,1005.5
1846-07-01,1002.3
1846-08-01,1008.9
1846-09-01,1007.8
1846-10-01,998.5
1846-11-01,1005.3
1846-12-01,1012.9
1847-01-01,998.3
1847-02-01,1005.7
1847-03-01,1014
1847-04-01,1005.4
1847-05-01,1007.5
1847-06-01,1006.8
1847-07-01,1008.4
1847-08-01,1007.7
1847-09-01,1009.1
1847-10-01,1003.5
1847-11-01,991.5
1847-12-01,986.2
1848-01-01,997.3
1848-02-01,999.3
1848-03-01,996.2
1848-04-01,1013.9
1848-05-01,1006.1
1848-06-01,1015.6
1848-07-01,1010.5
1848-08-01,1004.3
1848-09-01,1005.3
1848-10-01,1013.3
1848-11-01,1009.9
1848-12-01,991.1
1849-01-01,990.5
1849-02-01,999
1849-03-01,1005.2
1849-04-01,1011.2
1849-05-01,1013.2
1849-06-01,1015.8
1849-07-01,1007.7
1849-08-01,1011.4
1849-09-01,1014.5
1849-10-01,1005.3
1849-11-01,1000.6
1849-12-01,1012.2
1850-01-01,1007.9
1850-02-01,989.6
1850-03-01,1016.5
1850-04-01,1009.3
1850-05-01,1014.3
1850-06-01,1007.3
1850-07-01,1011.4
1850-08-01,1010.9
1850-09-01,1011.1
1850-10-01,1010.2
1850-11-01,999
1850-12-01,991.3
1851-01-01,981.2
1851-02-01,996.2
1851-03-01,1004.9
1851-04-01,1015
1851-05-01,1011.9
1851-06-01,1013.4
1851-07-01,1013.5
1851-08-01,1010.7
1851-09-01,1010
1851-10-01,1002.6
1851-11-01,1017.6
1851-12-01,1001
1852-01-01,986.3
1852-02-01,1004.1
1852-03-01,1017.3
1852-04-01,1015.9
1852-05-01,1010.2
1852-06-01,1010.5
1852-07-01,1009.5
1852-08-01,1006
1852-09-01,1013.5
1852-10-01,1011.9
1852-11-01,1005.8
1852-12-01,998.6
1853-01-01,988.1
1853-02-01,1019.9
1853-03-01,1010.1
1853-04-01,1009.7
1853-05-01,1016.5
1853-06-01,1008.1
1853-07-01,1005.7
1853-08-01,1014.1
1853-09-01,1002.4
1853-10-01,1004.5
1853-11-01,992.3
1853-12-01,1014.9
1854-01-01,989.3
1854-02-01,999.9
1854-03-01,1000.6
1854-04-01,1009.9
1854-05-01,1009.7
1854-06-01,1011.1
1854-07-01,1014.2
1854-08-01,1006.5
1854-09-01,1002.4
1854-10-01,999.6
1854-11-01,1008.3
1854-12-01,993.9
1855-01-01,1017.5
1855-02-01,1021.2
1855-03-01,1002.7
1855-04-01,1005.5
1855-05-01,1018.5
1855-06-01,1010.5
1855-07-01,1010.1
1855-08-01,1009.3
1855-09-01,1005.2
1855-10-01,1005.7
1855-11-01,1007.6
1855-12-01,1004.7
1856-01-01,1003.8
1856-02-01,1008
1856-03-01,1017.1
1856-04-01,1007.4
1856-05-01,1017.9
1856-06-01,1006.7
1856-07-01,1010.7
1856-08-01,1013.2
1856-09-01,1009.5
1856-10-01,1004.6
1856-11-01,1017.1
1856-12-01,1004.8
1857-01-01,1003.5
1857-02-01,984.4
1857-03-01,1000.2
1857-04-01,1011.3
1857-05-01,1012.5
1857-06-01,1016.1
1857-07-01,1003.6
1857-08-01,1007.3
1857-09-01,1009
1857-10-01,1001.6
1857-11-01,1007.9
1857-12-01,991.3
1858-01-01,992
1858-02-01,1001.8
1858-03-01,1012.5
1858-04-01,1009.3
1858-05-01,1012.7
1858-06-01,1007.9
1858-07-01,1011.1
1858-08-01,1006.2
1858-09-01,998
1858-10-01,1008.2
1858-11-01,1013.4
1858-12-01,986.5
1859-01-01,993.4
1859-02-01,993.8
1859-03-01,1004.7
1859-04-01,1018.5
1859-05-01,1006.5
1859-06-01,1011.1
1859-07-01,1008.7
1859-08-01,1002
1859-09-01,1006.6
1859-10-01,1015
1859-11-01,1005.5
1859-12-01,1006.3
1860-01-01,993
1860-02-01,1002.6
1860-03-01,1001.8
1860-04-01,1009
1860-05-01,1018.3
1860-06-01,1015
1860-07-01,1010.3
1860-08-01,1006.9
1860-09-01,1007
1860-10-01,996.1
1860-11-01,1017.7
1860-12-01,1009.5
1861-01-01,1003.1
1861-02-01,998
1861-03-01,993.8
1861-04-01,1016.1
1861-05-01,1014
1861-06-01,1011.1
1861-07-01,1002.8
1861-08-01,1006.1
1861-09-01,1008
1861-10-01,999.4
1861-11-01,1009.8
1861-12-01,1001.6
1862-01-01,992.6
1862-02-01,1011.4
1862-03-01,1014.1
1862-04-01,1007.9
1862-05-01,1004.3
1862-06-01,1003.1
1862-07-01,1011.5
1862-08-01,1008
1862-09-01,1004.4
1862-10-01,989
1862-11-01,1001.1
1862-12-01,991.3
1863-01-01,992.6
1863-02-01,990
1863-03-01,996.7
1863-04-01,996.6
1863-05-01,1014.1
1863-06-01,1008.1
1863-07-01,1011.2
1863-08-01,1012.2
1863-09-01,997.8
1863-10-01,999.6
1863-11-01,998.3
1863-12-01,994.8
1864-01-01,989.2
1864-02-01,1002.1
1864-03-01,1007.4
1864-04-01,1007.1
1864-05-01,1016
1864-06-01,1006.6
1864-07-01,1005.5
1864-08-01,1013.6
1864-09-01,1005
1864-10-01,1018.5
1864-11-01,999.5
1864-12-01,999.5
1865-01-01,996.3
1865-02-01,1009.4
1865-03-01,1009.4
1865-04-01,1007.4
1865-05-01,1009.2
1865-06-01,1009.5
1865-07-01,1010.4
1865-08-01,1009.8
1865-09-01,999.5
1865-10-01,1013.2
1865-11-01,1003.7
1865-12-01,990.9
1866-01-01,994
1866-02-01,1000.4
1866-03-01,1011.4
1866-04-01,1013.5
1866-05-01,1015.6
1866-06-01,1006.5
1866-07-01,1011
1866-08-01,1008.1
1866-09-01,1000
1866-10-01,1002.6
1866-11-01,1002.7
1866-12-01,995.1
1867-01-01,1014.4
1867-02-01,995.2
1867-03-01,1019.9
1867-04-01,1005.1
1867-05-01,1021.7
1867-06-01,1012.9
1867-07-01,1015.1
1867-08-01,1002.8
1867-09-01,1003.6
1867-10-01,999
1867-11-01,1014.7
1867-12-01,1000.4
1868-01-01,995.9
1868-02-01,988.1
1868-03-01,991
1868-04-01,1003.8
1868-05-01,1004.1
1868-06-01,1002.5
1868-07-01,1005.8
1868-08-01,1007.3
1868-09-01,1013.8
1868-10-01,994.8
1868-11-01,1011.3
1868-12-01,990.9
1869-01-01,984.6
1869-02-01,990.8
1869-03-01,1015.1
1869-04-01,1008.7
1869-05-01,1019.7
1869-06-01,1013.7
1869-07-01,1009.1
1869-08-01,1013.4
1869-09-01,1006
1869-10-01,1011.6
1869-11-01,1003.3
1869-12-01,1001.5
1870-01-01,998.8
1870-02-01,1010.6
1870-03-01,1014.3
1870-04-01,1003
1870-05-01,1008.7
1870-06-01,1010.6
1870-07-01,1007.2
1870-08-01,1015.6
1870-09-01,1004
1870-10-01,1001.7
1870-11-01,1011.8
1870-12-01,1015.1
1871-01-01,993.6
1871-02-01,1003.2
1871-03-01,999.3
1871-04-01,1016.2
1871-05-01,1014.8
1871-06-01,1016.7
1871-07-01,1006.2
1871-08-01,1005
1871-09-01,1012.2
1871-10-01,1002.4
1871-11-01,1018.1
1871-12-01,998.8
1872-01-01,991.1
1872-02-01,1001.3
1872-03-01,1007.3
1872-04-01,1011.7
1872-05-01,1013.5
1872-06-01,1009.1
1872-07-01,1013.2
1872-08-01,1014.5
1872-09-01,1011
1872-10-01,1002.8
1872-11-01,1001.8
1872-12-01,1002.8
1873-01-01,987.2
1873-02-01,1011.2
1873-03-01,999
1873-04-01,1016.5
1873-05-01,1017.5
1873-06-01,1005.8
1873-07-01,1008.7
1873-08-01,1004
1873-09-01,1010.7
1873-10-01,1001
1873-11-01,1012.2
1873-12-01,994.8
1874-01-01,989.5
1874-02-01,996.2
1874-03-01,1003.4
1874-04-01,999.9
1874-05-01,1016.1
1874-06-01,1013.9
1874-07-01,1006.2
1874-08-01,1006.4
1874-09-01,1001.9
1874-10-01,995.8
1874-11-01,1003.9
1874-12-01,1010.1
1875-01-01,999.9
1875-02-01,1010.8
1875-03-01,1008.5
1875-04-01,1013.1
1875-05-01,1000.9
1875-06-01,1003.5
1875-07-01,1013.9
1875-08-01,1008.5
1875-09-01,1007.2
1875-10-01,1004.2
1875-11-01,1017.5
1875-12-01,995.5
1876-01-01,993.4
1876-02-01,1004.8
1876-03-01,1005.4
1876-04-01,1017.5
1876-05-01,1014.3
1876-06-01,1002.9
1876-07-01,1001.4
1876-08-01,1007.3
1876-09-01,1015.4
1876-10-01,1006.4
1876-11-01,1012.7
1876-12-01,1000.8
1877-01-01,989
1877-02-01,999.6
1877-03-01,1005.9
1877-04-01,1016.6
1877-05-01,1018.3
1877-06-01,1008.6
1877-07-01,1007.8
1877-08-01,1016.6
1877-09-01,1013.1
1877-10-01,1000.8
1877-11-01,993
1877-12-01,990.8
1878-01-01,1005.1
1878-02-01,1002.4
1878-03-01,1011.1
1878-04-01,1010.6
1878-05-01,1009.2
1878-06-01,1012.3
1878-07-01,1008.6
1878-08-01,1012.5
1878-09-01,1001.8
1878-10-01,1007
1878-11-01,1019.4
1878-12-01,1019.9
1879-01-01,1006
1879-02-01,999.4
1879-03-01,1003.4
1879-04-01,1011.4
1879-05-01,1010.1
1879-06-01,1009.7
1879-07-01,1012
1879-08-01,1008.1
1879-09-01,996
1879-10-01,1008.6
1879-11-01,1015.8
1879-12-01,998
1880-01-01,1002.3
1880-02-01,990.2
1880-03-01,1006.1
1880-04-01,1004.7
1880-05-01,1013.7
1880-06-01,1012.6
1880-07-01,1014.6
1880-08-01,1007.4
1880-09-01,1006.8
1880-10-01,1023.2
1880-11-01,1000.9
1880-12-01,1010.8
1881-01-01,1021.9
1881-02-01,1012
1881-03-01,1007.5
1881-04-01,1013.3
1881-05-01,1012.3
1881-06-01,1008.1
1881-07-01,1005.9
1881-08-01,1010
1881-09-01,1008.3
1881-10-01,1010.2
1881-11-01,990.3
1881-12-01,987.3
1882-01-01,993.2
1882-02-01,999.4
1882-03-01,991.8
1882-04-01,1016.9
1882-05-01,1014.9
1882-06-01,1014.6
1882-07-01,1004.4
1882-08-01,1008.9
1882-09-01,1003.5
1882-10-01,1001.3
1882-11-01,1001
1882-12-01,1008.3
1883-01-01,989.4
1883-02-01,984.8
1883-03-01,1019.8
1883-04-01,1003.4
1883-05-01,1012.9
1883-06-01,1013.5
1883-07-01,1013.5
1883-08-01,1005.8
1883-09-01,1007.6
1883-10-01,995.7
1883-11-01,994.5
1883-12-01,997.5
1884-01-01,994
1884-02-01,992.6
1884-03-01,997.3
1884-04-01,1011.3
1884-05-01,1012.5
1884-06-01,1007.7
1884-07-01,1013.5
1884-08-01,1002.4
1884-09-01,1001.4
1884-10-01,1002.8
1884-11-01,1008.5
1884-12-01,988.9
1885-01-01,997.4
1885-02-01,1006.9
1885-03-01,1007.4
1885-04-01,1007.5
1885-05-01,1016.7
1885-06-01,1006.1
1885-07-01,1009
1885-08-01,1017.8
1885-09-01,1001
1885-10-01,1009.8
1885-11-01,1002.9
1885-12-01,1003.5
1886-01-01,1003.2
1886-02-01,1006.2
1886-03-01,1006.6
1886-04-01,1010.3
1886-05-01,1018.1
1886-06-01,1006.5
1886-07-01,1008.3
1886-08-01,1000
1886-09-01,1007.4
1886-10-01,1002
1886-11-01,998.2
1886-12-01,1001.3
1887-01-01,984.8
1887-02-01,996.1
1887-03-01,1009.8
1887-04-01,1016.7
1887-05-01,1012.4
1887-06-01,1012.6
1887-07-01,1009
1887-08-01,1012.2
1887-09-01,1010.7
1887-10-01,1012
1887-11-01,1010.3
1887-12-01,1007.5
1888-01-01,1010.3
1888-02-01,1012.8
1888-03-01,1013.1
1888-04-01,1017.3
1888-05-01,1016.4
1888-06-01,1014.1
1888-07-01,1014.4
1888-08-01,1011
1888-09-01,1008.2
1888-10-01,1013.4
1888-11-01,993.7
1888-12-01,988.4
1889-01-01,998
1889-02-01,1013.3
1889-03-01,1009.3
1889-04-01,1008.7
1889-05-01,1007.2
1889-06-01,1005.3
1889-07-01,1016.2
1889-08-01,1005.2
1889-09-01,1011.1
1889-10-01,1004.5
1889-11-01,998.7
1889-12-01,988.9
1890-01-01,982
1890-02-01,1007.5
1890-03-01,996.8
1890-04-01,1005.9
1890-05-01,1013
1890-06-01,1009.5
1890-07-01,1008.6
1890-08-01,1007
1890-09-01,1001.2
1890-10-01,1006
1890-11-01,994.4
1890-12-01,1003.4
1891-01-01,1002.8
1891-02-01,995.5
1891-03-01,1010.9
1891-04-01,1014.4
1891-05-01,1016.5
1891-06-01,1018.7
1891-07-01,1010.2
1891-08-01,1009.5
1891-09-01,1000.4
1891-10-01,994
1891-11-01,1003.7
1891-12-01,991
1892-01-01,999.8
1892-02-01,1015
1892-03-01,1010.7
1892-04-01,1012.1
1892-05-01,1019.6
1892-06-01,1015.1
1892-07-01,1010.9
1892-08-01,1010.3
1892-09-01,997.8
1892-10-01,1015.2
1892-11-01,1001.7
1892-12-01,1005.1
1893-01-01,1013.2
1893-02-01,995.6
1893-03-01,1003.5
1893-04-01,1010.5
1893-05-01,1013.6
1893-06-01,1013.1
1893-07-01,1012.7
1893-08-01,1012.9
1893-09-01,1005.9
1893-10-01,1005.5
1893-11-01,1016.1
1893-12-01,990.3
1894-01-01,993.2
1894-02-01,982.7
1894-03-01,994.8
1894-04-01,1006.1
1894-05-01,1019.2
1894-06-01,1005.3
1894-07-01,1011.1
1894-08-01,1011.5
1894-09-01,1019.2
1894-10-01,1011.5
1894-11-01,989.6
1894-12-01,1000.1
1895-01-01,1013.6
1895-02-01,1021.6
1895-03-01,1002.1
1895-04-01,1010
1895-05-01,1012.8
1895-06-01,1014.4
1895-07-01,1009.1
1895-08-01,1010
1895-09-01,1003.5
1895-10-01,1012.4
1895-11-01,999.5
1895-12-01,999.5
1896-01-01,1008.8
1896-02-01,995.7
1896-03-01,997.3
1896-04-01,1006.7
1896-05-01,1016.5
1896-06-01,1013.5
1896-07-01,1007.6
1896-08-01,1015.1
1896-09-01,1006.1
1896-10-01,1016.9
1896-11-01,1005.3
1896-12-01,991.1
1897-01-01,1012.4
1897-02-01,997.7
1897-03-01,1000.9
1897-04-01,997.6
1897-05-01,1011.6
1897-06-01,1018.1
1897-07-01,1008.9
1897-08-01,1004.8
1897-09-01,1008.1
1897-10-01,1008.3
1897-11-01,1008.5
1897-12-01,996.1
1898-01-01,992.7
1898-02-01,996
1898-03-01,1010
1898-04-01,998.8
1898-05-01,1014.5
1898-06-01,1010.3
1898-07-01,1012.8
1898-08-01,1004
1898-09-01,1003.5
1898-10-01,1003.7
1898-11-01,998.4
1898-12-01,992.4
1899-01-01,1001.3
1899-02-01,999.7
1899-03-01,1012.9
1899-04-01,1012.1
1899-05-01,1018.5
1899-06-01,1010.7
1899-07-01,1006.5
1899-08-01,1014.3
1899-09-01,1004.4
1899-10-01,1003.2
1899-11-01,998.5
1899-12-01,1002.9
1/1/1900,992.5
2/1/1900,1015.7
3/1/1900,1022.8
4/1/1900,1007.1
5/1/1900,1013.1
6/1/1900,1013
7/1/1900,1010.9
8/1/1900,1010.8
9/1/1900,1001.2
10/1/1900,1008.1
11/1/1900,998.4
12/1/1900,988.8
1/1/1901,996.3
2/1/1901,1021.3
3/1/1901,1006.9
4/1/1901,1002.8
5/1/1901,1015.5
6/1/1901,1007.3
7/1/1901,1008.7
8/1/1901,1009.2
9/1/1901,1000
10/1/1901,1002.4
11/1/1901,1014.4
12/1/1901,1002.5
1/1/1902,1003.2
2/1/1902,1009.6
3/1/1902,1001.7
4/1/1902,1012.3
5/1/1902,1016.7
6/1/1902,1019.9
7/1/1902,1016.5
8/1/1902,1011.2
9/1/1902,1011.1
10/1/1902,1003.2
11/1/1902,997.2
12/1/1902,996.7
1/1/1903,992.5
2/1/1903,986.9
3/1/1903,985.6
4/1/1903,1010.8
5/1/1903,1010.8
6/1/1903,1018.1
7/1/1903,1011.9
8/1/1903,1006.3
9/1/1903,1007.9
10/1/1903,1007.1
11/1/1903,1002.5
12/1/1903,996.9
1/1/1904,988.4
2/1/1904,997.7
3/1/1904,1003.1
4/1/1904,999.3
5/1/1904,1010
6/1/1904,1011.6
7/1/1904,1010.3
8/1/1904,1013.6
9/1/1904,1004.7
10/1/1904,1000.1
11/1/1904,1006.1
12/1/1904,1000.5
1/1/1905,996.4
2/1/1905,1003.1
3/1/1905,993.9
4/1/1905,1016.4
5/1/1905,1012.7
6/1/1905,1013.3
7/1/1905,1007.5
8/1/1905,1011.3
9/1/1905,1004.9
10/1/1905,1016
11/1/1905,1003.3
12/1/1905,994
1/1/1906,987.5
2/1/1906,998.9
3/1/1906,1008.9
4/1/1906,1004.9
5/1/1906,1019.6
6/1/1906,1014.8
7/1/1906,1004.1
8/1/1906,1013.2
9/1/1906,1007.6
10/1/1906,997.8
11/1/1906,1004.8
12/1/1906,1001
1/1/1907,1002.7
2/1/1907,996.9
3/1/1907,996.3
4/1/1907,1005.1
5/1/1907,1017.8
6/1/1907,1009.4
7/1/1907,1017.3
8/1/1907,1009.9
9/1/1907,1006
10/1/1907,1006.5
11/1/1907,999.4
12/1/1907,995.6
1/1/1908,997.5
2/1/1908,1001.7
3/1/1908,1001.5
4/1/1908,1018.2
5/1/1908,1009.1
6/1/1908,1010.3
7/1/1908,1013.1
8/1/1908,1009.8
9/1/1908,1004.3
10/1/1908,1002.1
11/1/1908,1003
12/1/1908,994.1
1/1/1909,993.3
2/1/1909,1005.6
3/1/1909,1015.8
4/1/1909,1008.8
5/1/1909,1017.9
6/1/1909,1019
7/1/1909,1006
8/1/1909,1004.1
9/1/1909,1013.2
10/1/1909,998.7
11/1/1909,1006.9
12/1/1909,1000.9
1/1/1910,991.1
2/1/1910,984.2
3/1/1910,1002.9
4/1/1910,1011.7
5/1/1910,1010.1
6/1/1910,1012.4
7/1/1910,1013.2
8/1/1910,1014.6
9/1/1910,1011.2
10/1/1910,1009.3
11/1/1910,1014.5
12/1/1910,997.9
1/1/1911,999.9
2/1/1911,998.6
3/1/1911,1011.3
4/1/1911,1013.1
5/1/1911,1004.3
6/1/1911,1014.7
7/1/1911,1013.4
8/1/1911,1010.2
9/1/1911,1004.4
10/1/1911,1013.4
11/1/1911,999.9
12/1/1911,986.4
1/1/1912,1004.4
2/1/1912,1000.4
3/1/1912,998.6
4/1/1912,1011.8
5/1/1912,1010.3
6/1/1912,1013.6
7/1/1912,1012.4
8/1/1912,1012.7
9/1/1912,1015.8
10/1/1912,1001
11/1/1912,1003.4
12/1/1912,987.6
1/1/1913,991.1
2/1/1913,1000.3
3/1/1913,991
4/1/1913,1000.5
5/1/1913,1010.7
6/1/1913,1010.7
7/1/1913,1013.7
8/1/1913,1008.5
9/1/1913,1010.9
10/1/1913,1005.8
11/1/1913,987.5
12/1/1913,999.6
1/1/1914,998.1
2/1/1914,987
3/1/1914,1002.4
4/1/1914,1003.1
5/1/1914,1008.8
6/1/1914,1008.6
7/1/1914,1011.3
8/1/1914,1008.6
9/1/1914,1006.9
10/1/1914,1005.5
11/1/1914,1001.1
12/1/1914,990
1/1/1915,996.9
2/1/1915,997.5
3/1/1915,1014.4
4/1/1915,1002.1
5/1/1915,1018.3
6/1/1915,1016.1
7/1/1915,1009.7
8/1/1915,1013.3
9/1/1915,1014.9
10/1/1915,1003.6
11/1/1915,1013.5
12/1/1915,1008.1
1/1/1916,988
2/1/1916,994.3
3/1/1916,1018.4
4/1/1916,1004.8
5/1/1916,1013.9
6/1/1916,1015.1
7/1/1916,1009.8
8/1/1916,1009.8
9/1/1916,1010.4
10/1/1916,997.8
11/1/1916,1001.7
12/1/1916,1004
1/1/1917,1013.4
2/1/1917,1009.5
3/1/1917,1007.7
4/1/1917,1014.6
5/1/1917,1015.9
6/1/1917,1010.4
7/1/1917,1014.2
8/1/1917,1009.2
9/1/1917,1000
10/1/1917,1000.7
11/1/1917,1000.3
12/1/1917,1012.8
1/1/1918,1010.4
2/1/1918,990.1
3/1/1918,1001.8
4/1/1918,1012.6
5/1/1918,1011.5
6/1/1918,1008.4
7/1/1918,1014.4
8/1/1918,1008.7
9/1/1918,1006.6
10/1/1918,998.9
11/1/1918,996.9
12/1/1918,996.2
1/1/1919,998.7
2/1/1919,1006.8
3/1/1919,1011.1
4/1/1919,1006.3
5/1/1919,1009.4
6/1/1919,1006.2
7/1/1919,1013.5
8/1/1919,1006.3
9/1/1919,1004.2
10/1/1919,1017.7
11/1/1919,1011.7
12/1/1919,988.7
1/1/1920,989.4
2/1/1920,997.8
3/1/1920,990.6
4/1/1920,1012.6
5/1/1920,1005.7
6/1/1920,1012.2
7/1/1920,1003.4
8/1/1920,1011.9
9/1/1920,1002.1
10/1/1920,1003.7
11/1/1920,993.7
12/1/1920,1003.3
1/1/1921,992.2
2/1/1921,1002.3
3/1/1921,989.8
4/1/1921,1008.5
5/1/1921,1008.2
6/1/1921,1014.5
7/1/1921,1010.2
8/1/1921,1008.5
9/1/1921,1006.3
10/1/1921,1003.8
11/1/1921,1006.9
12/1/1921,992.2
1/1/1922,995.4
2/1/1922,983.5
3/1/1922,1009.4
4/1/1922,1013.5
5/1/1922,1009.5
6/1/1922,1003.8
7/1/1922,1007
8/1/1922,1006.1
9/1/1922,1007.8
10/1/1922,1014.2
11/1/1922,1007.8
12/1/1922,995.9
1/1/1923,997.3
2/1/1923,989
3/1/1923,1005.3
4/1/1923,1009.5
5/1/1923,1014.9
6/1/1923,1011.5
7/1/1923,1003
8/1/1923,1006.7
9/1/1923,1002.3
10/1/1923,993.1
11/1/1923,1006.9
12/1/1923,1000.2
1/1/1924,991.5
2/1/1924,1009.1
3/1/1924,1011.3
4/1/1924,1014.7
5/1/1924,1013
6/1/1924,1014.1
7/1/1924,1003.1
8/1/1924,1004.6
9/1/1924,1000.7
10/1/1924,999.3
11/1/1924,1003
12/1/1924,979.8
1/1/1925,990.3
2/1/1925,994.9
3/1/1925,1015.1
4/1/1925,1003.5
5/1/1925,1006.6
6/1/1925,1010.2
7/1/1925,1007.1
8/1/1925,1007.1
9/1/1925,1007.1
10/1/1925,1006.5
11/1/1925,1010.3
12/1/1925,1007.9
1/1/1926,991.5
2/1/1926,993.5
3/1/1926,1005.7
4/1/1926,1004.6
5/1/1926,1015.3
6/1/1926,1012.9
7/1/1926,1006.5
8/1/1926,1006.2
9/1/1926,1004.6
10/1/1926,1016.7
11/1/1926,995.8
12/1/1926,1007
1/1/1927,992.2
2/1/1927,1001.1
3/1/1927,996.6
4/1/1927,1007
5/1/1927,1018.3
6/1/1927,1013.3
7/1/1927,1009.3
8/1/1927,1007.7
9/1/1927,1007.9
10/1/1927,1011.4
11/1/1927,1003
12/1/1927,1010.3
1/1/1928,984.5
2/1/1928,992.3
3/1/1928,1007.8
4/1/1928,1001.1
5/1/1928,1020.7
6/1/1928,1013.3
7/1/1928,1005.5
8/1/1928,1011.1
9/1/1928,1007.3
10/1/1928,1001.5
11/1/1928,998.2
12/1/1928,1000.6
1/1/1929,1019.9
2/1/1929,1000.7
3/1/1929,1010.6
4/1/1929,1019.8
5/1/1929,1010.3
6/1/1929,1011.1
7/1/1929,1012.5
8/1/1929,1009.3
9/1/1929,1001.5
10/1/1929,1000.6
11/1/1929,992.1
12/1/1929,981.3
1/1/1930,985.3
2/1/1930,1008.6
3/1/1930,1009.8
4/1/1930,1011
5/1/1930,1008.3
6/1/1930,1002.9
7/1/1930,1008.7
8/1/1930,1007
9/1/1930,1015.5
10/1/1930,999.8
11/1/1930,999.8
12/1/1930,991.8
1/1/1931,1003.9
2/1/1931,999.1
3/1/1931,1012.9
4/1/1931,1005.9
5/1/1931,1015.4
6/1/1931,1014.3
7/1/1931,1005.9
8/1/1931,1014.2
9/1/1931,1014.6
10/1/1931,1004.3
11/1/1931,985.8
12/1/1931,1001.4
1/1/1932,990.5
2/1/1932,1027.4
3/1/1932,1010.5
4/1/1932,1012.2
5/1/1932,1019.8
6/1/1932,1015.1
7/1/1932,1006.9
8/1/1932,1005.8
9/1/1932,1005.3
10/1/1932,1002.7
11/1/1932,999.7
12/1/1932,992.5
1/1/1933,985.3
2/1/1933,1016.7
3/1/1933,999.8
4/1/1933,1014.9
5/1/1933,1014.2
6/1/1933,1007.9
7/1/1933,1007.8
8/1/1933,1003.5
9/1/1933,1009.1
10/1/1933,1009.9
11/1/1933,1007.5
12/1/1933,1007.4
1/1/1934,990.9
2/1/1934,1007.8
3/1/1934,999.4
4/1/1934,1013.9
5/1/1934,1005.8
6/1/1934,1015.7
7/1/1934,1008.7
8/1/1934,1003.4
9/1/1934,998.1
10/1/1934,1001.8
11/1/1934,1005.1
12/1/1934,995.8
1/1/1935,1007.9
2/1/1935,990.7
3/1/1935,1006.1
4/1/1935,1015.9
5/1/1935,1022.4
6/1/1935,1007.9
7/1/1935,1001.9
8/1/1935,1005.9
9/1/1935,1005
10/1/1935,995.7
11/1/1935,994.6
12/1/1935,1006.3
1/1/1936,1008.6
2/1/1936,1010.9
3/1/1936,1005.4
4/1/1936,1014.5
5/1/1936,1013.9
6/1/1936,1011
7/1/1936,1009.1
8/1/1936,1006.5
9/1/1936,1011.4
10/1/1936,1001.1
11/1/1936,1001
12/1/1936,993.5
1/1/1937,985.1
2/1/1937,995.8
3/1/1937,1017.9
4/1/1937,1003.1
5/1/1937,1007.3
6/1/1937,1009.7
7/1/1937,1005.7
8/1/1937,1005.1
9/1/1937,999.5
10/1/1937,1006.6
11/1/1937,1010.3
12/1/1937,1006.7
1/1/1938,987.8
2/1/1938,1008.7
3/1/1938,994.9
4/1/1938,1015.1
5/1/1938,1014.3
6/1/1938,1007
7/1/1938,1005.8
8/1/1938,1009.9
9/1/1938,1004.5
10/1/1938,989.4
11/1/1938,989.8
12/1/1938,994.5
1/1/1939,1009.1
2/1/1939,988.3
3/1/1939,1006.1
4/1/1939,1010.1
5/1/1939,1012.9
6/1/1939,1012.9
7/1/1939,1012.2
8/1/1939,1006.1
9/1/1939,1016.1
10/1/1939,1011.4
11/1/1939,1000.1
12/1/1939,1006.5
1/1/1940,1010.9
2/1/1940,1006.7
3/1/1940,1009.3
4/1/1940,1010.7
5/1/1940,1009.3
6/1/1940,1007.4
7/1/1940,1012.6
8/1/1940,1008.1
9/1/1940,1006.5
10/1/1940,1003.9
11/1/1940,999.9
12/1/1940,1003.5
1/1/1941,1017.4
2/1/1941,1004.2
3/1/1941,1014.9
4/1/1941,1016.6
5/1/1941,1016.2
6/1/1941,1011.1
7/1/1941,1005.8
8/1/1941,1009.9
9/1/1941,1009
10/1/1941,1013
11/1/1941,998.1
12/1/1941,999
1/1/1942,997
2/1/1942,1018
3/1/1942,1006.3
4/1/1942,1009.4
5/1/1942,1011.9
6/1/1942,1014.9
7/1/1942,1008.2
8/1/1942,1006.5
9/1/1942,1000.3
10/1/1942,1000.5
11/1/1942,1010.2
12/1/1942,992.3
1/1/1943,995.7
2/1/1943,996.2
3/1/1943,1001
4/1/1943,999.1
5/1/1943,1012.6
6/1/1943,1011.1
7/1/1943,1009
8/1/1943,1013.5
9/1/1943,1001.3
10/1/1943,997.8
11/1/1943,1007.5
12/1/1943,999.9
1/1/1944,992.2
2/1/1944,1012.7
3/1/1944,1012.3
4/1/1944,1008.1
5/1/1944,1013.3
6/1/1944,1012.5
7/1/1944,1014.6
8/1/1944,1005.9
9/1/1944,1005.9
10/1/1944,1001.7
11/1/1944,1001.1
12/1/1944,996.9
1/1/1945,1019.9
2/1/1945,988.2
3/1/1945,1004.3
4/1/1945,1010.6
5/1/1945,1010.5
6/1/1945,1009.8
7/1/1945,1011.1
8/1/1945,1008.9
9/1/1945,1003.7
10/1/1945,1009.5
11/1/1945,1007.7
12/1/1945,1001.9
1/1/1946,990.1
2/1/1946,1007.8
3/1/1946,1005.7
4/1/1946,1003.7
5/1/1946,1019.6
6/1/1946,1005.4
7/1/1946,1005.3
8/1/1946,1006.3
9/1/1946,1002.3
10/1/1946,1010.5
11/1/1946,1007.7
12/1/1946,994.3
1/1/1947,993.1
2/1/1947,1024.4
3/1/1947,1012.6
4/1/1947,998.3
5/1/1947,1011.7
6/1/1947,1008.5
7/1/1947,1005.7
8/1/1947,1010.3
9/1/1947,1002.5
10/1/1947,1007.4
11/1/1947,1010.3
12/1/1947,1008.9
1/1/1948,988.6
2/1/1948,1003.7
3/1/1948,997
4/1/1948,1006.9
5/1/1948,1014.3
6/1/1948,1013.5
7/1/1948,1009.9
8/1/1948,1009.9
9/1/1948,1005.5
10/1/1948,999.7
11/1/1948,1002.9
12/1/1948,996.3
1/1/1949,996.7
2/1/1949,989
3/1/1949,1010.4
4/1/1949,1000.2
5/1/1949,1014.8
6/1/1949,1015.3
7/1/1949,1013.5
8/1/1949,1008.4
9/1/1949,1009.4
10/1/1949,1002.1
11/1/1949,996.2
12/1/1949,996
1/1/1950,996
2/1/1950,992.4
3/1/1950,1005.6
4/1/1950,1003.3
5/1/1950,1018.7
6/1/1950,1008.2
7/1/1950,1006.2
8/1/1950,1002.3
9/1/1950,997.4
10/1/1950,998.7
11/1/1950,1002.5
12/1/1950,1009
1/1/1951,994.6
2/1/1951,996.3
3/1/1951,1013.4
4/1/1951,1012.6
5/1/1951,1019.6
6/1/1951,1015.1
7/1/1951,1009
8/1/1951,1004.4
9/1/1951,1002.4
10/1/1951,998.8
11/1/1951,1003.4
12/1/1951,984.7
1/1/1952,996.6
2/1/1952,1009.4
3/1/1952,1009.1
4/1/1952,1001
5/1/1952,1017.2
6/1/1952,1010.4
7/1/1952,1011.1
8/1/1952,1010.6
9/1/1952,1015.5
10/1/1952,1001.3
11/1/1952,1012.9
12/1/1952,1007
1/1/1953,1002.7
2/1/1953,1004
3/1/1953,1006.8
4/1/1953,1015.2
5/1/1953,1016.1
6/1/1953,1010.5
7/1/1953,1007.8
8/1/1953,1004.2
9/1/1953,1002.3
10/1/1953,996.1
11/1/1953,989.7
12/1/1953,993.1
1/1/1954,1004.5
2/1/1954,996.9
3/1/1954,1000.5
4/1/1954,1011.8
5/1/1954,1017
6/1/1954,1010.3
7/1/1954,1005.1
8/1/1954,1009.1
9/1/1954,1003
10/1/1954,996.7
11/1/1954,989.5
12/1/1954,993.3
1/1/1955,1004.8
2/1/1955,1012.5
3/1/1955,1017.8
4/1/1955,1005
5/1/1955,1014.2
6/1/1955,1011.2
7/1/1955,1008.3
8/1/1955,1005.4
9/1/1955,997.5
10/1/1955,1009.8
11/1/1955,1011.3
12/1/1955,1000.6
1/1/1956,1003.8
2/1/1956,1016.2
3/1/1956,1002.7
4/1/1956,1014.2
5/1/1956,1003.1
6/1/1956,1013.3
7/1/1956,1011.7
8/1/1956,1013.6
9/1/1956,1008.2
10/1/1956,1002.1
11/1/1956,999.3
12/1/1956,992.2
1/1/1957,990
2/1/1957,1004.2
3/1/1957,1004.1
4/1/1957,1011
5/1/1957,1016.6
6/1/1957,1017.6
7/1/1957,1014.7
8/1/1957,1008.7
9/1/1957,1013.1
10/1/1957,991.2
11/1/1957,1010.5
12/1/1957,997.8
1/1/1958,998.9
2/1/1958,1010.8
3/1/1958,1014.6
4/1/1958,1007.6
5/1/1958,1018.1
6/1/1958,1016.2
7/1/1958,1013.7
8/1/1958,1007.8
9/1/1958,1006.9
10/1/1958,999.5
11/1/1958,999.9
12/1/1958,1002.4
1/1/1959,1016.5
2/1/1959,997.6
3/1/1959,993.6
4/1/1959,1006.5
5/1/1959,1016.1
6/1/1959,1008.4
7/1/1959,1007.2
8/1/1959,1007.1
9/1/1959,1005.4
10/1/1959,997.4
11/1/1959,1000.1
12/1/1959,989.1
1/1/1960,1009.2
2/1/1960,1011.8
3/1/1960,1007.1
4/1/1960,1004.7
5/1/1960,1011.6
6/1/1960,1012.1
7/1/1960,1007.6
8/1/1960,1017
9/1/1960,1004.7
10/1/1960,1014.4
11/1/1960,999.2
12/1/1960,993.3
1/1/1961,997.3
2/1/1961,993.8
3/1/1961,1002.8
4/1/1961,1007.6
5/1/1961,1013.1
6/1/1961,1002
7/1/1961,1010.7
8/1/1961,1003.8
9/1/1961,996.4
10/1/1961,997.6
11/1/1961,1002.6
12/1/1961,1012.9
1/1/1962,987.9
2/1/1962,1008.9
3/1/1962,1024.4
4/1/1962,1009.8
5/1/1962,1016.6
6/1/1962,1008.8
7/1/1962,1015.8
8/1/1962,1007.4
9/1/1962,1005.7
10/1/1962,1003.1
11/1/1962,1009
12/1/1962,1004.6
1/1/1963,1026.9
2/1/1963,1010
3/1/1963,997.5
4/1/1963,1008
5/1/1963,1001.4
6/1/1963,1013.6
7/1/1963,1010.6
8/1/1963,1010.3
9/1/1963,1001.4
10/1/1963,992.3
11/1/1963,1003.8
12/1/1963,1010.7
1/1/1964,1005.4
2/1/1964,1007.1
3/1/1964,1006.3
4/1/1964,1008.9
5/1/1964,1006.2
6/1/1964,1010
7/1/1964,1004.2
8/1/1964,1015.2
9/1/1964,1007.9
10/1/1964,1002.9
11/1/1964,1002.6
12/1/1964,1001.4
1/1/1965,999.4
2/1/1965,1028.1
3/1/1965,1012.2
4/1/1965,1003.8
5/1/1965,1016.5
6/1/1965,1007
7/1/1965,1014.4
8/1/1965,1005.8
9/1/1965,1006.1
10/1/1965,1002.9
11/1/1965,1017.7
12/1/1965,997.5
1/1/1966,1009.2
2/1/1966,1006.8
3/1/1966,1006.1
4/1/1966,1007.9
5/1/1966,1007.7
6/1/1966,1007.2
7/1/1966,1010.7
8/1/1966,1013.8
9/1/1966,1008
10/1/1966,1013.2
11/1/1966,1006.2
12/1/1966,994
1/1/1967,1011
2/1/1967,992.4
3/1/1967,995.9
4/1/1967,1009.3
5/1/1967,1014.5
6/1/1967,1006.6
7/1/1967,1007.8
8/1/1967,1008.5
9/1/1967,1004.3
10/1/1967,995.5
11/1/1967,1003
12/1/1967,1008.7
1/1/1968,1001.5
2/1/1968,1009.3
3/1/1968,1000.2
4/1/1968,1013.7
5/1/1968,1020.3
6/1/1968,1006.7
7/1/1968,1020
8/1/1968,1011.9
9/1/1968,1007.9
10/1/1968,1009.7
11/1/1968,1004.5
12/1/1968,1007.8
1/1/1969,1009.3
2/1/1969,1015.6
3/1/1969,1011.9
4/1/1969,1008.2
5/1/1969,1017.3
6/1/1969,1007.3
7/1/1969,1004.4
8/1/1969,1008.6
9/1/1969,1004
10/1/1969,996.5
11/1/1969,1005.5
12/1/1969,1001.5
1/1/1970,998.8
2/1/1970,1004
3/1/1970,1013.9
4/1/1970,1009.1
5/1/1970,1005.7
6/1/1970,1010.9
7/1/1970,1007.3
8/1/1970,1007.8
9/1/1970,1003.6
10/1/1970,1006.9
11/1/1970,1003.5
12/1/1970,1011.8
1/1/1971,999.8
2/1/1971,997.2
3/1/1971,1008.8
4/1/1971,1011.9
5/1/1971,1006
6/1/1971,1018.5
7/1/1971,1013.4
8/1/1971,1005
9/1/1971,1007.9
10/1/1971,1002.6
11/1/1971,1008.2
12/1/1971,997.9
1/1/1972,995
2/1/1972,998.6
3/1/1972,998.8
4/1/1972,1007.4
5/1/1972,1009.2
6/1/1972,1002.7
7/1/1972,1008.2
8/1/1972,1009.1
9/1/1972,1013.1
10/1/1972,1006.8
11/1/1972,1000.2
12/1/1972,987.6
1/1/1973,996.7
2/1/1973,997.4
3/1/1973,1001.7
4/1/1973,1020.7
5/1/1973,1014.8
6/1/1973,1005.6
7/1/1973,1010.2
8/1/1973,1006.5
9/1/1973,1007.3
10/1/1973,1010.7
11/1/1973,1010.7
12/1/1973,1004.9
1/1/1974,977.7
2/1/1974,996.7
3/1/1974,1004.4
4/1/1974,1013.8
5/1/1974,1011.2
6/1/1974,1008.3
7/1/1974,1007.4
8/1/1974,1008.1
9/1/1974,1002.6
10/1/1974,1011.5
11/1/1974,999.5
12/1/1974,992.5
1/1/1975,988.9
2/1/1975,1002.4
3/1/1975,1008.4
4/1/1975,1012.9
5/1/1975,1020.5
6/1/1975,1012.9
7/1/1975,1007.4
8/1/1975,1009.2
9/1/1975,1001.6
10/1/1975,1006.2
11/1/1975,1000.5
12/1/1975,1005.8
1/1/1976,999.1
2/1/1976,993.6
3/1/1976,993.4
4/1/1976,1011.9
5/1/1976,1004.1
6/1/1976,1006.2
7/1/1976,1012.2
8/1/1976,1010.5
9/1/1976,1017.6
10/1/1976,995.4
11/1/1976,1000
12/1/1976,1012.1
1/1/1977,1010.6
2/1/1977,1006.3
3/1/1977,1004.9
4/1/1977,1009.3
5/1/1977,1019.3
6/1/1977,1014.4
7/1/1977,1011.4
8/1/1977,1011.8
9/1/1977,1007
10/1/1977,996.9
11/1/1977,1002.6
12/1/1977,999.6
1/1/1978,996.9
2/1/1978,1008.9
3/1/1978,991.6
4/1/1978,1017.8
5/1/1978,1009.5
6/1/1978,1009.9
7/1/1978,1013.2
8/1/1978,1012
9/1/1978,1004.6
10/1/1978,1003.5
11/1/1978,992.3
12/1/1978,1005.9
1/1/1979,1012
2/1/1979,1003.3
3/1/1979,1001.6
4/1/1979,1016.6
5/1/1979,1014.6
6/1/1979,1008.7
7/1/1979,1008.6
8/1/1979,1008.4
9/1/1979,1003.2
10/1/1979,1000.1
11/1/1979,995.5
12/1/1979,991.2
1/1/1980,1009.7
2/1/1980,1001.3
3/1/1980,1007
4/1/1980,1008.9
5/1/1980,1018.8
6/1/1980,1010.9
7/1/1980,1013.4
8/1/1980,1010.8
9/1/1980,1002.2
10/1/1980,1008.5
11/1/1980,1014
12/1/1980,997.9
1/1/1981,1005
2/1/1981,996.8
3/1/1981,1002.7
4/1/1981,1018.6
5/1/1981,1010.9
6/1/1981,1013.6
7/1/1981,1008.6
8/1/1981,1007.7
9/1/1981,1004.1
10/1/1981,1007.9
11/1/1981,1005.4
12/1/1981,1007.1
1/1/1982,1006.7
2/1/1982,986.8
3/1/1982,995
4/1/1982,1009.1
5/1/1982,1012.4
6/1/1982,1017.1
7/1/1982,1010.6
8/1/1982,1005.5
9/1/1982,1000.3
10/1/1982,998.6
11/1/1982,993.6
12/1/1982,991.9
1/1/1983,986.1
2/1/1983,1014.5
3/1/1983,998.3
4/1/1983,1013.6
5/1/1983,1014.3
6/1/1983,1009.1
7/1/1983,1008.6
8/1/1983,1008.4
9/1/1983,1009.3
10/1/1983,998.1
11/1/1983,1010.2
12/1/1983,997.3
1/1/1984,989.1
2/1/1984,996.2
3/1/1984,1015.8
4/1/1984,1006
5/1/1984,1011.5
6/1/1984,1013.1
7/1/1984,1011.5
8/1/1984,1008.9
9/1/1984,1005.3
10/1/1984,999.1
11/1/1984,998
12/1/1984,993
1/1/1985,1014.9
2/1/1985,1007.3
3/1/1985,1007.4
4/1/1985,1008.5
5/1/1985,1015.2
6/1/1985,1012.8
7/1/1985,1008.1
8/1/1985,1005.7
9/1/1985,1008.9
10/1/1985,1004.5
11/1/1985,1012
12/1/1985,1007.2
1/1/1986,995.6
2/1/1986,1022.5
3/1/1986,987.1
4/1/1986,1010.5
5/1/1986,1004.9
6/1/1986,1010.5
7/1/1986,1008.4
8/1/1986,1015.9
9/1/1986,1013.4
10/1/1986,989.9
11/1/1986,990.1
12/1/1986,990.7
1/1/1987,1013.6
2/1/1987,1005
3/1/1987,1005.1
4/1/1987,1003.7
5/1/1987,1018.1
6/1/1987,1016.7
7/1/1987,1009.9
8/1/1987,1015
9/1/1987,1000.3
10/1/1987,1000.9
11/1/1987,1005.2
12/1/1987,1002.9
1/1/1988,995.9
2/1/1988,1006
3/1/1988,1006.1
4/1/1988,1017
5/1/1988,1011.5
6/1/1988,1011.6
7/1/1988,1006.3
8/1/1988,1001.7
9/1/1988,1004.7
10/1/1988,1008.9
11/1/1988,1007.7
12/1/1988,998.1
1/1/1989,987.5
2/1/1989,986.1
3/1/1989,988.2
4/1/1989,1009
5/1/1989,1008
6/1/1989,1011
7/1/1989,1010.9
8/1/1989,999.5
9/1/1989,1001.4
10/1/1989,999
11/1/1989,1008.4
12/1/1989,1003.5
1/1/1990,981
2/1/1990,976.3
3/1/1990,995.5
4/1/1990,1001.2
5/1/1990,1019.4
6/1/1990,1009.6
7/1/1990,1008.3
8/1/1990,1005.2
9/1/1990,1006
10/1/1990,1000.2
11/1/1990,1009.5
12/1/1990,994.7
1/1/1991,994.6
2/1/1991,1002.8
3/1/1991,1005.2
4/1/1991,1007.3
5/1/1991,1017.9
6/1/1991,1013.3
7/1/1991,1010.2
8/1/1991,1001.4
9/1/1991,1006.6
10/1/1991,1007.9
11/1/1991,995.6
12/1/1991,1001.1
1/1/1992,1004
2/1/1992,989.3
3/1/1992,998.6
4/1/1992,1005
5/1/1992,1009.6
6/1/1992,1012.3
7/1/1992,1007.8
8/1/1992,1001.5
9/1/1992,1004.7
10/1/1992,1013
11/1/1992,987.6
12/1/1992,994.7
1/1/1993,984.2
2/1/1993,1008.1
3/1/1993,996.2
4/1/1993,1005.7
5/1/1993,1019
6/1/1993,1011.8
7/1/1993,1012.1
8/1/1993,1009.7
9/1/1993,1010.9
10/1/1993,1018.9
11/1/1993,991.7
12/1/1993,993
1/1/1994,995.2
2/1/1994,1003.2
3/1/1994,985.7
4/1/1994,1007.3
5/1/1994,1013.8
6/1/1994,1003.3
7/1/1994,1004.8
8/1/1994,1010.8
9/1/1994,1009.4
10/1/1994,1006.2
11/1/1994,997.9
12/1/1994,990.5
1/1/1995,992
2/1/1995,988.8
3/1/1995,998.2
4/1/1995,1018.9
5/1/1995,1014.8
6/1/1995,1016
7/1/1995,1008.4
8/1/1995,1009.2
9/1/1995,1009.5
10/1/1995,999.2
11/1/1995,1017.9
12/1/1995,1013.9
1/1/1996,1002.1
2/1/1996,1003.8
3/1/1996,1015.8
4/1/1996,1009.2
5/1/1996,1017
6/1/1996,1009.9
7/1/1996,1007.7
8/1/1996,1007.4
9/1/1996,1006.5
10/1/1996,996
11/1/1996,1007.8
12/1/1996,1013.3
1/1/1997,1008.7
2/1/1997,981.7
3/1/1997,999.4
4/1/1997,1013.9
5/1/1997,1018.2
6/1/1997,1016
7/1/1997,1009.2
8/1/1997,1005.2
9/1/1997,1006.3
10/1/1997,1009.8
11/1/1997,998.6
12/1/1997,996.9
1/1/1998,1003.1
2/1/1998,995.3
3/1/1998,1007.1
4/1/1998,1011.4
5/1/1998,1015.3
6/1/1998,1016.2
7/1/1998,1008.9
8/1/1998,1003.6
9/1/1998,1011.9
10/1/1998,1002.6
11/1/1998,999.3
12/1/1998,990.4
1/1/1999,992.9
2/1/1999,996.8
3/1/1999,1006.2
4/1/1999,1013
5/1/1999,1007.9
6/1/1999,1008.1
7/1/1999,1009.7
8/1/1999,1013
9/1/1999,997.1
10/1/1999,1003.2
11/1/1999,1002.8
12/1/1999,993.1
1/1/2000,1004.8
2/1/2000,987.9
3/1/2000,1006.8
4/1/2000,1017.6
5/1/2000,1008.2
6/1/2000,1013.2
7/1/2000,1013.8
8/1/2000,1009.6
9/1/2000,1003.4
10/1/2000,985.2
11/1/2000,1002.6
12/1/2000,1004.3
1/1/2001,1000.2
2/1/2001,1009.8
3/1/2001,1006.1
4/1/2001,1008.8
5/1/2001,1012.9
6/1/2001,1014.2
7/1/2001,1010.4
8/1/2001,1004.5
9/1/2001,1010.9
10/1/2001,997.8
11/1/2001,1003
12/1/2001,1014.7
1/1/2002,994.2
2/1/2002,993.9
3/1/2002,1002.1
4/1/2002,1001.2
5/1/2002,1009.4
6/1/2002,1006.9
7/1/2002,1007.5
8/1/2002,1008
9/1/2002,1013.7
10/1/2002,1010.4
11/1/2002,996.7
12/1/2002,1006.1
1/1/2003,1004.3
2/1/2003,993.7
3/1/2003,1001.4
4/1/2003,1013.5
5/1/2003,1010.4
6/1/2003,1007.6
7/1/2003,1007
8/1/2003,1012.3
9/1/2003,1005.5
10/1/2003,1012.2
11/1/2003,994.8
12/1/2003,1004.8
1/1/2004,997.3
2/1/2004,1012.1
3/1/2004,1001.9
4/1/2004,1003
5/1/2004,1012.4
6/1/2004,1012.4
7/1/2004,1007.9
8/1/2004,1010.4
9/1/2004,1000.7
10/1/2004,1007.8
11/1/2004,1007.9
12/1/2004,990.8
1/1/2005,998.9
2/1/2005,1014.8
3/1/2005,1014.5
4/1/2005,1008.3
5/1/2005,1018.8
6/1/2005,1013.3
7/1/2005,1009.5
8/1/2005,1004.1
9/1/2005,1003.9
10/1/2005,1003.2
11/1/2005,1004.9
12/1/2005,1004
1/1/2006,995.1
2/1/2006,1009.2
3/1/2006,1013.4
4/1/2006,1002.4
5/1/2006,1013.6
6/1/2006,1008.2
7/1/2006,1008.1
8/1/2006,1011
9/1/2006,1002.6
10/1/2006,1007.4
11/1/2006,993.1
12/1/2006,989.9
1/1/2007,997.7
2/1/2007,1003.8
3/1/2007,995.6
4/1/2007,1008.3
5/1/2007,1007.7
6/1/2007,1017.1
7/1/2007,1011.1
8/1/2007,1010.6
9/1/2007,1006.9
10/1/2007,998.7
11/1/2007,1009.3
12/1/2007,995
1/1/2008,992.7
2/1/2008,997.1
3/1/2008,1001.1
4/1/2008,1016.1
5/1/2008,1018.6
6/1/2008,1013
7/1/2008,1009.5
8/1/2008,1004
9/1/2008,1003.5
10/1/2008,997.3
11/1/2008,1006.5
12/1/2008,1000.6
1/1/2009,988.1
2/1/2009,1008
3/1/2009,1000.3
4/1/2009,1003.2
5/1/2009,1005.6
6/1/2009,1018.7
7/1/2009,1012.5
8/1/2009,1003.3
9/1/2009,1003
10/1/2009,1007
11/1/2009,993.2
12/1/2009,1009.8
1/1/2010,1009
2/1/2010,1014
3/1/2010,1009.9
4/1/2010,1013
5/1/2010,1018.3
6/1/2010,1015.6
7/1/2010,1005.2
8/1/2010,1012.2
9/1/2010,1007.2
10/1/2010,1004.2
11/1/2010,1010.9
12/1/2010,1016.9
1/1/2011,1006.5
2/1/2011,987.7
3/1/2011,1004.5
4/1/2011,995.5
5/1/2011,1008
6/1/2011,1014.4
7/1/2011,1012.9
8/1/2011,1011.2
9/1/2011,995
10/1/2011,994.2
11/1/2011,992.2
12/1/2011,989.9
1/1/2012,995.8
2/1/2012,1003.7
3/1/2012,1003.7
4/1/2012,1013.6
5/1/2012,1019
6/1/2012,1017.2
7/1/2012,1012.5
8/1/2012,1010.5
9/1/2012,1001
10/1/2012,1011.6
11/1/2012,998.2
12/1/2012,1001.7
1/1/2013,996.2
2/1/2013,1005.9
3/1/2013,1019.7
4/1/2013,1008.9
5/1/2013,1008
6/1/2013,1009.2
7/1/2013,1009.1
8/1/2013,1002.8
9/1/2013,1005.8
10/1/2013,1005.3
11/1/2013,1001.6
12/1/2013,985.9
1/1/2014,987.9
2/1/2014,986.3
3/1/2014,996.3
4/1/2014,1006.6
5/1/2014,1012.8
6/1/2014,1016.8
7/1/2014,1006.4
8/1/2014,1010.1
9/1/2014,1006.3
10/1/2014,998.1
11/1/2014,998.9
12/1/2014,993.7
1/1/2015,988.5
2/1/2015,994.9
3/1/2015,995.7
4/1/2015,1010.4
5/1/2015,1006.1
6/1/2015,1012.5
7/1/2015,1012.7
8/1/2015,1003.5
9/1/2015,1008.2
10/1/2015,1002.1
11/1/2015,993.9
12/1/2015,988.6
1/1/2016,998.1
2/1/2016,998.1
3/1/2016,1003
4/1/2016,1015.8
5/1/2016,1014.5
6/1/2016,1012.4
7/1/2016,1010.3
8/1/2016,1009.4
9/1/2016,997
10/1/2016,1007.8
11/1/2016,1005.1
12/1/2016,994.1
1/1/2017,1002.6
2/1/2017,996.1
3/1/2017,1001.6
4/1/2017,1010.7
5/1/2017,1012.7
6/1/2017,1005.6
7/1/2017,1006
8/1/2017,1009.2
9/1/2017,1000.9
10/1/2017,1001.6
11/1/2017,1010
12/1/2017,1005
1/1/2018,993.3
2/1/2018,995.5
3/1/2018,1009.2
4/1/2018,1006.5
5/1/2018,1004.1
6/1/2018,1012.9
7/1/2018,1005.8
8/1/2018,1004.6
9/1/2018,1004.6
10/1/2018,998.5
11/1/2018,1002.3
12/1/2018,998.5
1/1/2019,1007.1
2/1/2019,1000.1
3/1/2019,996.9
4/1/2019,1011
5/1/2019,1020.2
6/1/2019,1017.8
7/1/2019,1011.2
8/1/2019,1007.6
9/1/2019,1005.1
10/1/2019,1008.2
11/1/2019,1009
12/1/2019,994.4
1/1/2020,984.4
2/1/2020,981.9
3/1/2020,1001.2
4/1/2020,1013
5/1/2020,1014.9
6/1/2020,1013.4
7/1/2020,1008.9
8/1/2020,1007
9/1/2020,1001.3
10/1/2020,1005.1
11/1/2020,997.9
12/1/2020,1000.9
1/1/2021,1012.2
2/1/2021,1001.6
3/1/2021,1005
4/1/2021,1021.4
5/1/2021,1017.5
6/1/2021,1008.7
7/1/2021,1011.6
8/1/2021,1013.6
9/1/2021,1002.1
10/1/2021,1000.8
11/1/2021,1004.9
12/1/2021,1001.4
1/1/2022,1000.9
2/1/2022,988.5
3/1/2022,1003.5
4/1/2022,1016.6
5/1/2022,1006.6
6/1/2022,1007.5
7/1/2022,1009.4
8/1/2022,1008.1
9/1/2022,1011.3
10/1/2022,999.7
11/1/2022,991.5
12/1/2022,1016.4
1/1/2023,998.9
2/1/2023,1000.6
3/1/2023,1013.5
4/1/2023,1012.5
5/1/2023,1010.5
6/1/2023,1012.6
7/1/2023,1011.3
8/1/2023,1012.5
9/1/2023,1002.2
10/1/2023,1005.4
11/1/2023,1007.4
12/1/2023,1003.2
1/1/2024,1000.5
2/1/2024,995.4
3/1/2024,-9999
4/1/2024,-9999
5/1/2024,-9999
6/1/2024,-9999
7/1/2024,-9999
8/1/2024,-9999
9/1/2024,-9999
10/1/2024,-9999
11/1/2024,-9999
12/1/2024,-9999
